;eco;entry;name;pgn;parent;hm
0;A01;Nimzovich-Larsen Attack 1 b3;Nimzovich-Larsen Attack;1 b3;;1
1;A02;Bird's Opening 1 f4;Bird's Opening;1 f4;;1
2;A40;Queen's Pawn Game 1 d4;Queen's Pawn Game;1 d4;;1
3;B00;Uncommon King's Pawn Opening 1 e4;Uncommon King's Pawn Opening;1 e4;;1
4;A10;English 1 c4;English;1 c4;;1
5;A04;Reti Opening 1 Nf3;Reti Opening;1 Nf3;;1
6;D00;Queen's Pawn Game 1 d4 d5;Queen's Pawn Game;1 d4 d5;A40;2
7;A80;Dutch 1 d4 f5;Dutch;1 d4 f5;A40;2
8;A43;Old Benoni 1 d4 c5;Old Benoni;1 d4 c5;A40;2
9;A41;Queen's Pawn Game (with ...d6) 1 d4 d6;Queen's Pawn Game (with ...d6);1 d4 d6;A40;2
10;B01;Scandinavian 1 e4 d5;Scandinavian;1 e4 d5;B00;2
11;A30;English, Symmetrical 1 c4 c5;English, Symmetrical;1 c4 c5;A10;2
12;B10;Caro-Kann 1 e4 c6;Caro-Kann;1 e4 c6;B00;2
13;C20;King's Pawn Game 1 e4 e5;King's Pawn Game;1 e4 e5;B00;2
14;B20;Sicilian 1 e4 c5;Sicilian;1 e4 c5;B00;2
15;A20;English 1 c4 e5;English;1 c4 e5;A10;2
16;B06;Robatsch 1 e4 g6;Robatsch;1 e4 g6;B00;2
17;A11;English, Caro-Kann Defensive System 1 c4 c6;English, Caro-Kann Defensive System;1 c4 c6;A10;2
18;A03;Bird's Opening 1 f4 d5;Bird's Opening;1 f4 d5;A02;2
19;A13;English 1 c4 e6;English;1 c4 e6;A10;2
20;C00;French Defense 1 e4 e6;French Defense;1 e4 e6;B00;2
21;A15;English 1 c4 Nf6;English;1 c4 Nf6;A10;2
22;B02;Alekhine's Defense 1 e4 Nf6;Alekhine's Defense;1 e4 Nf6;B00;2
23;A06;Reti Opening 1 Nf3 d5;Reti Opening;1 Nf3 d5;A04;2
24;A45;Queen's Pawn Game 1 d4 Nf6;Queen's Pawn Game;1 d4 Nf6;A40;2
25;A05;Reti Opening 1 Nf3 Nf6;Reti Opening;1 Nf3 Nf6;A04;2
26;C30;King's Gambit Declined 1 e4 e5 2 f4;King's Gambit Declined;1 e4 e5 2 f4;C20;3
27;A82;Dutch, Staunton Gambit 1 d4 f5 2 e4;Dutch, Staunton Gambit;1 d4 f5 2 e4;A80;3
28;B22;Sicilian, Alapin 1 e4 c5 2 c3;Sicilian, Alapin;1 e4 c5 2 c3;B20;3
29;B12;Caro-Kann Defense 1 e4 c6 2 d4;Caro-Kann Defense;1 e4 c6 2 d4;B10;3
30;D06;Queen's Gambit Declined 1 d4 d5 2 c4;Queen's Gambit Declined;1 d4 d5 2 c4;D00;3
31;B21;Sicilian, 2.f4 and 2.d4 1 e4 c5 2 f4;Sicilian, 2.f4 and 2.d4;1 e4 c5 2 f4;B20;3
32;A81;Dutch 1 d4 f5 2 g3;Dutch;1 d4 f5 2 g3;A80;3
33;A84;Dutch 1 d4 f5 2 c4;Dutch;1 d4 f5 2 c4;A80;3
34;A50;Queen's Pawn Game 1 d4 Nf6 2 c4;Queen's Pawn Game;1 d4 Nf6 2 c4;A45;3
35;D02;Queen's Pawn Game 1 d4 d5 2 Nf3;Queen's Pawn Game;1 d4 d5 2 Nf3;D00;3
36;A07;King's Indian Attack 1 Nf3 d5 2 g3;King's Indian Attack;1 Nf3 d5 2 g3;A06;3
37;C40;King's Knight Opening 1 e4 e5 2 Nf3;King's Knight Opening;1 e4 e5 2 Nf3;C20;3
38;B23;Sicilian, Closed 1 e4 c5 2 Nc3;Sicilian, Closed;1 e4 c5 2 Nc3;B20;3
39;A21;English 1 c4 e5 2 Nc3;English;1 c4 e5 2 Nc3;A20;3
40;B27;Sicilian 1 e4 c5 2 Nf3;Sicilian;1 e4 c5 2 Nf3;B20;3
41;C23;Bishop's Opening 1 e4 e5 2 Bc4;Bishop's Opening;1 e4 e5 2 Bc4;C20;3
42;C25;Vienna 1 e4 e5 2 Nc3;Vienna;1 e4 e5 2 Nc3;C20;3
43;A09;Reti Opening 1 Nf3 d5 2 c4;Reti Opening;1 Nf3 d5 2 c4;A06;3
44;A34;English, Symmetrical 1 c4 c5 2 Nc3;English, Symmetrical;1 c4 c5 2 Nc3;A30;3
45;A46;Queen's Pawn Game 1 d4 Nf6 2 Nf3;Queen's Pawn Game;1 d4 Nf6 2 Nf3;A45;3
46;A16;English 1 c4 Nf6 2 Nc3;English;1 c4 Nf6 2 Nc3;A15;3
47;A44;Old Benoni Defense 1 d4 c5 2 d5 e5;Old Benoni Defense;1 d4 c5 2 d5 e5;A43;4
48;D10;Queen's Gambit Declined Slav 1 d4 d5 2 c4 c6;Queen's Gambit Declined Slav;1 d4 d5 2 c4 c6;D06;4
49;C31;King's Gambit Declined, Falkbeer Counter Gambit 1 e4 e5 2 f4 d5;King's Gambit Declined, Falkbeer Counter Gambit;1 e4 e5 2 f4 d5;C30;4
50;D08;Queen's Gambit Declined, Albin Counter Gambit 1 d4 d5 2 c4 e5;Queen's Gambit Declined, Albin Counter Gambit;1 d4 d5 2 c4 e5;D06;4
51;D30;Queen's Gambit Declined 1 d4 d5 2 c4 e6;Queen's Gambit Declined;1 d4 d5 2 c4 e6;D06;4
52;B07;Pirc 1 e4 d6 2 d4 Nf6;Pirc;1 e4 d6 2 d4 Nf6;B00;4
53;C41;Philidor Defense 1 e4 e5 2 Nf3 d6;Philidor Defense;1 e4 e5 2 Nf3 d6;C40;4
54;B50;Sicilian 1 e4 c5 2 Nf3 d6;Sicilian;1 e4 c5 2 Nf3 d6;B27;4
55;D07;Queen's Gambit Declined, Chigorin Defense 1 d4 d5 2 c4 Nc6;Queen's Gambit Declined, Chigorin Defense;1 d4 d5 2 c4 Nc6;D06;4
56;B28;Sicilian, O'Kelly Variation 1 e4 c5 2 Nf3 a6;Sicilian, O'Kelly Variation;1 e4 c5 2 Nf3 a6;B27;4
57;B40;Sicilian 1 e4 c5 2 Nf3 e6;Sicilian;1 e4 c5 2 Nf3 e6;B27;4
58;E00;Queen's Pawn Game 1 d4 Nf6 2 c4 e6;Queen's Pawn Game;1 d4 Nf6 2 c4 e6;A50;4
59;A56;Benoni Defense 1 d4 Nf6 2 c4 c5;Benoni Defense;1 d4 Nf6 2 c4 c5;A50;4
60;E60;King's Indian Defense 1 d4 Nf6 2 c4 g6;King's Indian Defense;1 d4 Nf6 2 c4 g6;A50;4
61;A53;Old Indian 1 d4 Nf6 2 c4 d6;Old Indian;1 d4 Nf6 2 c4 d6;A50;4
62;A51;Budapest Gambit 1 d4 Nf6 2 c4 e5;Budapest Gambit;1 d4 Nf6 2 c4 e5;A50;4
63;A35;English, Symmetrical 1 c4 c5 2 Nc3 Nc6;English, Symmetrical;1 c4 c5 2 Nc3 Nc6;A34;4
64;C42;Petrov Defense 1 e4 e5 2 Nf3 Nf6;Petrov Defense;1 e4 e5 2 Nf3 Nf6;C40;4
65;C44;King's Pawn Game 1 e4 e5 2 Nf3 Nc6;King's Pawn Game;1 e4 e5 2 Nf3 Nc6;C40;4
66;C26;Vienna 1 e4 e5 2 Nc3 Nf6;Vienna;1 e4 e5 2 Nc3 Nf6;C25;4
67;C24;Bishop's Opening 1 e4 e5 2 Bc4 Nf6;Bishop's Opening;1 e4 e5 2 Bc4 Nf6;C23;4
68;A25;English 1 c4 e5 2 Nc3 Nc6;English;1 c4 e5 2 Nc3 Nc6;A21;4
69;A47;Queen's Indian 1 d4 Nf6 2 Nf3 b6;Queen's Indian;1 d4 Nf6 2 Nf3 b6;A46;4
70;A48;King's Indian 1 d4 Nf6 2 Nf3 g6;King's Indian;1 d4 Nf6 2 Nf3 g6;A46;4
71;C21;Center Game 1 e4 e5 2 d4 exd4;Center Game;1 e4 e5 2 d4 exd4;C20;4
72;A22;English 1 c4 e5 2 Nc3 Nf6;English;1 c4 e5 2 Nc3 Nf6;A21;4
73;C33;King's Gambit Accepted 1 e4 e5 2 f4 exf4;King's Gambit Accepted;1 e4 e5 2 f4 exf4;C30;4
74;D20;Queen's Gambit Accepted 1 d4 d5 2 c4 dxc4;Queen's Gambit Accepted;1 d4 d5 2 c4 dxc4;D06;4
75;A17;English 1 c4 Nf6 2 Nc3 e6;English;1 c4 Nf6 2 Nc3 e6;A16;4
76;B29;Sicilian, Nimzovich-Rubinstein 1 e4 c5 2 Nf3 Nf6;Sicilian, Nimzovich-Rubinstein;1 e4 c5 2 Nf3 Nf6;B27;4
77;B30;Sicilian 1 e4 c5 2 Nf3 Nc6;Sicilian;1 e4 c5 2 Nf3 Nc6;B27;4
78;C02;French, Advance 1 e4 e6 2 d4 d5 3 e5;French, Advance;1 e4 e6 2 d4 d5 3 e5;C00;5
79;D11;Queen's Gambit Declined Slav 1 d4 d5 2 c4 c6 3 Nf3;Queen's Gambit Declined Slav;1 d4 d5 2 c4 c6 3 Nf3;D10;5
80;A86;Dutch 1 d4 f5 2 c4 Nf6 3 g3;Dutch;1 d4 f5 2 c4 Nf6 3 g3;A84;5
81;D31;Queen's Gambit Declined 1 d4 d5 2 c4 e6 3 Nc3;Queen's Gambit Declined;1 d4 d5 2 c4 e6 3 Nc3;D30;5
82;C10;French 1 e4 e6 2 d4 d5 3 Nc3;French;1 e4 e6 2 d4 d5 3 Nc3;C00;5
83;A12;English with b3 1 c4 c6 2 Nf3 d5 3 b3;English with b3;1 c4 c6 2 Nf3 d5 3 b3;A11;5
84;B15;Caro-Kann 1 e4 c6 2 d4 d5 3 Nc3;Caro-Kann;1 e4 c6 2 d4 d5 3 Nc3;B12;5
85;C03;French, Tarrasch 1 e4 e6 2 d4 d5 3 Nd2;French, Tarrasch;1 e4 e6 2 d4 d5 3 Nd2;C00;5
86;E61;King's Indian 1 d4 Nf6 2 c4 g6 3 Nc3;King's Indian;1 d4 Nf6 2 c4 g6 3 Nc3;E60;5
87;B03;Alekhine's Defense 1 e4 Nf6 2 e5 Nd5 3 d4;Alekhine's Defense;1 e4 Nf6 2 e5 Nd5 3 d4;B02;5
88;A31;English, Symmetrical, Benoni Formation 1 c4 c5 2 Nf3 Nf6 3 d4;English, Symmetrical, Benoni Formation;1 c4 c5 2 Nf3 Nf6 3 d4;A30;5
89;A36;English 1 c4 c5 2 Nc3 Nc6 3 g3;English;1 c4 c5 2 Nc3 Nc6 3 g3;A35;5
90;B24;Sicilian, Closed 1 e4 c5 2 Nc3 Nc6 3 g3;Sicilian, Closed;1 e4 c5 2 Nc3 Nc6 3 g3;B23;5
91;E10;Queen's Pawn Game 1 d4 Nf6 2 c4 e6 3 Nf3;Queen's Pawn Game;1 d4 Nf6 2 c4 e6 3 Nf3;E00;5
92;A08;King's Indian Attack 1 Nf3 d5 2 g3 c5 3 Bg2;King's Indian Attack;1 Nf3 d5 2 g3 c5 3 Bg2;A07;5
93;C29;Vienna Gambit 1 e4 e5 2 Nc3 Nf6 3 f4;Vienna Gambit;1 e4 e5 2 Nc3 Nf6 3 f4;C26;5
94;A18;English, Mikenas-Carls 1 c4 Nf6 2 Nc3 e6 3 e4;English, Mikenas-Carls;1 c4 Nf6 2 Nc3 e6 3 e4;A17;5
95;D04;Queen's Pawn Game 1 d4 d5 2 Nf3 Nf6 3 e3;Queen's Pawn Game;1 d4 d5 2 Nf3 Nf6 3 e3;D02;5
96;A85;Dutch, with c4 & Nc3 1 d4 f5 2 c4 Nf6 3 Nc3;Dutch, with c4 & Nc3;1 d4 f5 2 c4 Nf6 3 Nc3;A84;5
97;A49;King's Indian, Fianchetto without c4 1 d4 Nf6 2 Nf3 g6 3 g3;King's Indian, Fianchetto without c4;1 d4 Nf6 2 Nf3 g6 3 g3;A48;5
98;C34;King's Gambit Accepted 1 e4 e5 2 f4 exf4 3 Nf3;King's Gambit Accepted;1 e4 e5 2 f4 exf4 3 Nf3;C33;5
99;D01;Richter-Veresov Attack 1 d4 d5 2 Nc3 Nf6 3 Bg5;Richter-Veresov Attack;1 d4 d5 2 Nc3 Nf6 3 Bg5;D00;5
100;B51;Sicilian, Canal-Sokolsky (Rossolimo) Attack 1 e4 c5 2 Nf3 d6 3 Bb5+;Sicilian, Canal-Sokolsky (Rossolimo) Attack;1 e4 c5 2 Nf3 d6 3 Bb5+;B50;5
101;C46;Three Knights 1 e4 e5 2 Nf3 Nc6 3 Nc3;Three Knights;1 e4 e5 2 Nf3 Nc6 3 Nc3;C44;5
102;C60;Ruy Lopez 1 e4 e5 2 Nf3 Nc6 3 Bb5;Ruy Lopez;1 e4 e5 2 Nf3 Nc6 3 Bb5;C44;5
103;A27;English, Three Knights System 1 c4 e5 2 Nc3 Nc6 3 Nf3;English, Three Knights System;1 c4 e5 2 Nc3 Nc6 3 Nf3;A25;5
104;D21;Queen's Gambit Accepted 1 d4 d5 2 c4 dxc4 3 Nf3;Queen's Gambit Accepted;1 d4 d5 2 c4 dxc4 3 Nf3;D20;5
105;D03;Torre Attack (Tartakower Variation) 1 d4 d5 2 Nf3 Nf6 3 Bg5;Torre Attack (Tartakower Variation);1 d4 d5 2 Nf3 Nf6 3 Bg5;D02;5
106;A57;Benko Gambit 1 d4 Nf6 2 c4 c5 3 d5 b5;Benko Gambit;1 d4 Nf6 2 c4 c5 3 d5 b5;A56;6
107;D32;Queen's Gambit Declined, Tarrasch 1 d4 d5 2 c4 e6 3 Nc3 c5;Queen's Gambit Declined, Tarrasch;1 d4 d5 2 c4 e6 3 Nc3 c5;D31;6
108;C07;French, Tarrasch 1 e4 e6 2 d4 d5 3 Nd2 c5;French, Tarrasch;1 e4 e6 2 d4 d5 3 Nd2 c5;C03;6
109;A60;Benoni Defense 1 d4 Nf6 2 c4 c5 3 d5 e6;Benoni Defense;1 d4 Nf6 2 c4 c5 3 d5 e6;A56;6
110;D71;Neo-Grunfeld 1 d4 Nf6 2 c4 g6 3 g3 d5;Neo-Grunfeld;1 d4 Nf6 2 c4 g6 3 g3 d5;E60;6
111;D70;Neo-Grunfeld Defense 1 d4 Nf6 2 c4 g6 3 f3 d5;Neo-Grunfeld Defense;1 d4 Nf6 2 c4 g6 3 f3 d5;E60;6
112;C15;French, Winawer 1 e4 e6 2 d4 d5 3 Nc3 Bb4;French, Winawer;1 e4 e6 2 d4 d5 3 Nc3 Bb4;C10;6
113;C11;French 1 e4 e6 2 d4 d5 3 Nc3 Nf6;French;1 e4 e6 2 d4 d5 3 Nc3 Nf6;C10;6
114;C05;French, Tarrasch 1 e4 e6 2 d4 d5 3 Nd2 Nf6;French, Tarrasch;1 e4 e6 2 d4 d5 3 Nd2 Nf6;C03;6
115;A19;English, Mikenas-Carls, Sicilian Variation 1 c4 Nf6 2 Nc3 e6 3 e4 c5;English, Mikenas-Carls, Sicilian Variation;1 c4 Nf6 2 Nc3 e6 3 e4 c5;A18;6
116;D05;Queen's Pawn Game 1 d4 d5 2 Nf3 Nf6 3 e3 e6;Queen's Pawn Game;1 d4 d5 2 Nf3 Nf6 3 e3 e6;D04;6
117;A24;English, Bremen System with ...g6 1 c4 e5 2 Nc3 Nf6 3 g3 g6;English, Bremen System with ...g6;1 c4 e5 2 Nc3 Nf6 3 g3 g6;A22;6
118;E12;Queen's Indian 1 d4 Nf6 2 c4 e6 3 Nf3 b6;Queen's Indian;1 d4 Nf6 2 c4 e6 3 Nf3 b6;E10;6
119;D80;Grunfeld 1 d4 Nf6 2 c4 g6 3 Nc3 d5;Grunfeld;1 d4 Nf6 2 c4 g6 3 Nc3 d5;E61;6
120;A23;English, Bremen System, Keres Variation 1 c4 e5 2 Nc3 Nf6 3 g3 c6;English, Bremen System, Keres Variation;1 c4 e5 2 Nc3 Nf6 3 g3 c6;A22;6
121;D35;Queen's Gambit Declined 1 d4 d5 2 c4 e6 3 Nc3 Nf6;Queen's Gambit Declined;1 d4 d5 2 c4 e6 3 Nc3 Nf6;D31;6
122;C62;Ruy Lopez, Old Steinitz Defense 1 e4 e5 2 Nf3 Nc6 3 Bb5 d6;Ruy Lopez, Old Steinitz Defense;1 e4 e5 2 Nf3 Nc6 3 Bb5 d6;C60;6
123;C63;Ruy Lopez, Schliemann Defense 1 e4 e5 2 Nf3 Nc6 3 Bb5 f5;Ruy Lopez, Schliemann Defense;1 e4 e5 2 Nf3 Nc6 3 Bb5 f5;C60;6
124;B11;Caro-Kann, Two Knights, 3...Bg4 1 e4 c6 2 Nc3 d5 3 Nf3 Bg4;Caro-Kann, Two Knights, 3...Bg4;1 e4 c6 2 Nc3 d5 3 Nf3 Bg4;B10;6
125;B31;Sicilian, Rossolimo Variation 1 e4 c5 2 Nf3 Nc6 3 Bb5 g6;Sicilian, Rossolimo Variation;1 e4 c5 2 Nf3 Nc6 3 Bb5 g6;B30;6
126;E20;Nimzo-Indian 1 d4 Nf6 2 c4 e6 3 Nc3 Bb4;Nimzo-Indian;1 d4 Nf6 2 c4 e6 3 Nc3 Bb4;E00;6
127;C36;King's Gambit Accepted, Abbazia Defense 1 e4 e5 2 f4 exf4 3 Nf3 d5;King's Gambit Accepted, Abbazia Defense;1 e4 e5 2 f4 exf4 3 Nf3 d5;C34;6
128;B52;Sicilian, Canal-Sokolsky (Rossolimo) Attack 1 e4 c5 2 Nf3 d6 3 Bb5+ Bd7;Sicilian, Canal-Sokolsky (Rossolimo) Attack;1 e4 c5 2 Nf3 d6 3 Bb5+ Bd7;B51;6
129;C35;King's Gambit Accepted, Cunningham 1 e4 e5 2 f4 exf4 3 Nf3 Be7;King's Gambit Accepted, Cunningham;1 e4 e5 2 f4 exf4 3 Nf3 Be7;C34;6
130;C64;Ruy Lopez, Classical 1 e4 e5 2 Nf3 Nc6 3 Bb5 Bc5;Ruy Lopez, Classical;1 e4 e5 2 Nf3 Nc6 3 Bb5 Bc5;C60;6
131;C61;Ruy Lopez, Bird's Defense 1 e4 e5 2 Nf3 Nc6 3 Bb5 Nd4;Ruy Lopez, Bird's Defense;1 e4 e5 2 Nf3 Nc6 3 Bb5 Nd4;C60;6
132;C55;Two Knights Defense 1 e4 e5 2 Nf3 Nc6 3 Bc4 Nf6;Two Knights Defense;1 e4 e5 2 Nf3 Nc6 3 Bc4 Nf6;C44;6
133;C28;Vienna Game 1 e4 e5 2 Nc3 Nf6 3 Bc4 Nc6;Vienna Game;1 e4 e5 2 Nc3 Nf6 3 Bc4 Nc6;C26;6
134;C47;Four Knights 1 e4 e5 2 Nf3 Nc6 3 Nc3 Nf6;Four Knights;1 e4 e5 2 Nf3 Nc6 3 Nc3 Nf6;C46;6
135;E11;Bogo-Indian Defense 1 d4 Nf6 2 c4 e6 3 Nf3 Bb4+;Bogo-Indian Defense;1 d4 Nf6 2 c4 e6 3 Nf3 Bb4+;E10;6
136;C65;Ruy Lopez, Berlin Defense 1 e4 e5 2 Nf3 Nc6 3 Bb5 Nf6;Ruy Lopez, Berlin Defense;1 e4 e5 2 Nf3 Nc6 3 Bb5 Nf6;C60;6
137;D23;Queen's Gambit Accepted 1 d4 d5 2 c4 dxc4 3 Nf3 Nf6;Queen's Gambit Accepted;1 d4 d5 2 c4 dxc4 3 Nf3 Nf6;D21;6
138;C50;Giuoco Piano 1 e4 e5 2 Nf3 Nc6 3 Bc4 Bc5;Giuoco Piano;1 e4 e5 2 Nf3 Nc6 3 Bc4 Bc5;C44;6
139;B13;Caro-Kann, Exchange 1 e4 c6 2 d4 d5 3 exd5 cxd5;Caro-Kann, Exchange;1 e4 c6 2 d4 d5 3 exd5 cxd5;B12;6
140;A52;Budapest Gambit 1 d4 Nf6 2 c4 e5 3 dxe5 Ng4;Budapest Gambit;1 d4 Nf6 2 c4 e5 3 dxe5 Ng4;A51;6
141;A28;English 1 c4 e5 2 Nc3 Nc6 3 Nf3 Nf6;English;1 c4 e5 2 Nc3 Nc6 3 Nf3 Nf6;A27;6
142;C22;Center Game 1 e4 e5 2 d4 exd4 3 Qxd4 Nc6;Center Game;1 e4 e5 2 d4 exd4 3 Qxd4 Nc6;C21;6
143;C27;Vienna Game 1 e4 e5 2 Nc3 Nf6 3 Bc4 Nxe4;Vienna Game;1 e4 e5 2 Nc3 Nf6 3 Bc4 Nxe4;C26;6
144;C16;French, Winawer 1 e4 e6 2 d4 d5 3 Nc3 Bb4 4 e5;French, Winawer;1 e4 e6 2 d4 d5 3 Nc3 Bb4 4 e5;C15;7
145;A90;Dutch 1 d4 f5 2 c4 Nf6 3 g3 e6 4 Bg2;Dutch;1 d4 f5 2 c4 Nf6 3 g3 e6 4 Bg2;A86;7
146;E01;Catalan, Closed 1 d4 Nf6 2 c4 e6 3 g3 d5 4 Bg2;Catalan, Closed;1 d4 Nf6 2 c4 e6 3 g3 d5 4 Bg2;E00;7
147;B09;Pirc, Austrian Attack 1 e4 d6 2 d4 Nf6 3 Nc3 g6 4 f4;Pirc, Austrian Attack;1 e4 d6 2 d4 Nf6 3 Nc3 g6 4 f4;B07;7
148;A42;Modern Defense, Averbakh System 1 d4 d6 2 c4 g6 3 Nc3 Bg7 4 e4;Modern Defense, Averbakh System;1 d4 d6 2 c4 g6 3 Nc3 Bg7 4 e4;A41;7
149;E15;Queen's Indian 1 d4 Nf6 2 c4 e6 3 Nf3 b6 4 g3;Queen's Indian;1 d4 Nf6 2 c4 e6 3 Nf3 b6 4 g3;E12;7
150;E14;Queen's Indian 1 d4 Nf6 2 c4 e6 3 Nf3 b6 4 e3;Queen's Indian;1 d4 Nf6 2 c4 e6 3 Nf3 b6 4 e3;E12;7
151;B08;Pirc, Classical 1 e4 d6 2 d4 Nf6 3 Nc3 g6 4 Nf3;Pirc, Classical;1 e4 d6 2 d4 Nf6 3 Nc3 g6 4 Nf3;B07;7
152;D37;Queen's Gambit Declined 1 d4 d5 2 c4 e6 3 Nc3 Nf6 4 Nf3;Queen's Gambit Declined;1 d4 d5 2 c4 e6 3 Nc3 Nf6 4 Nf3;D35;7
153;A54;Old Indian, Ukrainian Variation, 4.Nf3 1 d4 Nf6 2 c4 d6 3 Nc3 e5 4 Nf3;Old Indian, Ukrainian Variation, 4.Nf3;1 d4 Nf6 2 c4 d6 3 Nc3 e5 4 Nf3;A53;7
154;D50;Queen's Gambit Declined 1 d4 d5 2 c4 e6 3 Nc3 Nf6 4 Bg5;Queen's Gambit Declined;1 d4 d5 2 c4 e6 3 Nc3 Nf6 4 Bg5;D35;7
155;B04;Alekhine's Defense, Modern 1 e4 Nf6 2 e5 Nd5 3 d4 d6 4 Nf3;Alekhine's Defense, Modern;1 e4 Nf6 2 e5 Nd5 3 d4 d6 4 Nf3;B03;7
156;D90;Grunfeld 1 d4 Nf6 2 c4 g6 3 Nc3 d5 4 Nf3;Grunfeld;1 d4 Nf6 2 c4 g6 3 Nc3 d5 4 Nf3;D80;7
157;E70;King's Indian 1 d4 Nf6 2 c4 g6 3 Nc3 Bg7 4 e4;King's Indian;1 d4 Nf6 2 c4 g6 3 Nc3 Bg7 4 e4;E61;7
158;D82;Grunfeld, 4.Bf4 1 d4 Nf6 2 c4 g6 3 Nc3 d5 4 Bf4;Grunfeld, 4.Bf4;1 d4 Nf6 2 c4 g6 3 Nc3 d5 4 Bf4;D80;7
159;D15;Queen's Gambit Declined Slav 1 d4 d5 2 c4 c6 3 Nf3 Nf6 4 Nc3;Queen's Gambit Declined Slav;1 d4 d5 2 c4 c6 3 Nf3 Nf6 4 Nc3;D11;7
160;C39;King's Gambit Accepted 1 e4 e5 2 f4 exf4 3 Nf3 g5 4 h4;King's Gambit Accepted;1 e4 e5 2 f4 exf4 3 Nf3 g5 4 h4;C34;7
161;E40;Nimzo-Indian, 4.e3 1 d4 Nf6 2 c4 e6 3 Nc3 Bb4 4 e3;Nimzo-Indian, 4.e3;1 d4 Nf6 2 c4 e6 3 Nc3 Bb4 4 e3;E20;7
162;D81;Grunfeld, Russian Variation 1 d4 Nf6 2 c4 g6 3 Nc3 d5 4 Qb3;Grunfeld, Russian Variation;1 d4 Nf6 2 c4 g6 3 Nc3 d5 4 Qb3;D80;7
163;E21;Nimzo-Indian, Three Knights 1 d4 Nf6 2 c4 e6 3 Nc3 Bb4 4 Nf3;Nimzo-Indian, Three Knights;1 d4 Nf6 2 c4 e6 3 Nc3 Bb4 4 Nf3;E20;7
164;E32;Nimzo-Indian, Classical 1 d4 Nf6 2 c4 e6 3 Nc3 Bb4 4 Qc2;Nimzo-Indian, Classical;1 d4 Nf6 2 c4 e6 3 Nc3 Bb4 4 Qc2;E20;7
165;C53;Giuoco Piano 1 e4 e5 2 Nf3 Nc6 3 Bc4 Bc5 4 c3;Giuoco Piano;1 e4 e5 2 Nf3 Nc6 3 Bc4 Bc5 4 c3;C50;7
166;E30;Nimzo-Indian, Leningrad 1 d4 Nf6 2 c4 e6 3 Nc3 Bb4 4 Bg5;Nimzo-Indian, Leningrad;1 d4 Nf6 2 c4 e6 3 Nc3 Bb4 4 Bg5;E20;7
167;D25;Queen's Gambit Accepted 1 d4 d5 2 c4 dxc4 3 Nf3 Nf6 4 e3;Queen's Gambit Accepted;1 d4 d5 2 c4 dxc4 3 Nf3 Nf6 4 e3;D23;7
168;E22;Nimzo-Indian, Spielmann Variation 1 d4 Nf6 2 c4 e6 3 Nc3 Bb4 4 Qb3;Nimzo-Indian, Spielmann Variation;1 d4 Nf6 2 c4 e6 3 Nc3 Bb4 4 Qb3;E20;7
169;C70;Ruy Lopez 1 e4 e5 2 Nf3 Nc6 3 Bb5 a6 4 Ba4;Ruy Lopez;1 e4 e5 2 Nf3 Nc6 3 Bb5 a6 4 Ba4;C60;7
170;C37;King's Gambit Accepted 1 e4 e5 2 f4 exf4 3 Nf3 g5 4 Nc3;King's Gambit Accepted;1 e4 e5 2 f4 exf4 3 Nf3 g5 4 Nc3;C34;7
171;A29;English, Four Knights, Kingside Fianchetto 1 c4 e5 2 Nc3 Nc6 3 Nf3 Nf6 4 g3;English, Four Knights, Kingside Fianchetto;1 c4 e5 2 Nc3 Nc6 3 Nf3 Nf6 4 g3;A28;7
172;C57;Two Knights 1 e4 e5 2 Nf3 Nc6 3 Bc4 Nf6 4 Ng5;Two Knights;1 e4 e5 2 Nf3 Nc6 3 Bc4 Nf6 4 Ng5;C55;7
173;A83;Dutch, Staunton Gambit 1 d4 f5 2 e4 fxe4 3 Nc3 Nf6 4 Bg5;Dutch, Staunton Gambit;1 d4 f5 2 e4 fxe4 3 Nc3 Nf6 4 Bg5;A82;7
174;C68;Ruy Lopez, Exchange 1 e4 e5 2 Nf3 Nc6 3 Bb5 a6 4 Bxc6;Ruy Lopez, Exchange;1 e4 e5 2 Nf3 Nc6 3 Bb5 a6 4 Bxc6;C60;7
175;C17;French, Winawer, Advance 1 e4 e6 2 d4 d5 3 Nc3 Bb4 4 e5 c5;French, Winawer, Advance;1 e4 e6 2 d4 d5 3 Nc3 Bb4 4 e5 c5;C16;8
176;D24;Queen's Gambit Accepted 1 d4 d5 2 c4 dxc4 3 Nf3 Nf6 4 Nc3;Queen's Gambit Accepted;1 d4 d5 2 c4 dxc4 3 Nf3 Nf6 4 Nc3;D23;7
177;C48;Four Knights 1 e4 e5 2 Nf3 Nc6 3 Nc3 Nf6 4 Bb5;Four Knights;1 e4 e5 2 Nf3 Nc6 3 Nc3 Nf6 4 Bb5;C47;7
178;B53;Sicilian 1 e4 c5 2 Nf3 d6 3 d4 cxd4 4 Qxd4;Sicilian;1 e4 c5 2 Nf3 d6 3 d4 cxd4 4 Qxd4;B50;7
179;C51;Evans Gambit 1 e4 e5 2 Nf3 Nc6 3 Bc4 Bc5 4 b4 ;Evans Gambit;1 e4 e5 2 Nf3 Nc6 3 Bc4 Bc5 4 b4 ;C50;7
180;B54;Sicilian 1 e4 c5 2 Nf3 d6 3 d4 cxd4 4 Nxd4;Sicilian;1 e4 c5 2 Nf3 d6 3 d4 cxd4 4 Nxd4;B50;7
181;D43;Queen's Gambit Declined Semi-Slav 1 d4 d5 2 c4 e6 3 Nc3 Nf6 4 Nf3 c6;Queen's Gambit Declined Semi-Slav;1 d4 d5 2 c4 e6 3 Nc3 Nf6 4 Nf3 c6;D37;8
182;C45;Scotch Game 1 e4 e5 2 Nf3 Nc6 3 d4 exd4 4 Nxd4;Scotch Game;1 e4 e5 2 Nf3 Nc6 3 d4 exd4 4 Nxd4;C44;7
183;D12;Queen's Gambit Declined Slav 1 d4 d5 2 c4 c6 3 Nf3 Nf6 4 e3 Bf5;Queen's Gambit Declined Slav;1 d4 d5 2 c4 c6 3 Nf3 Nf6 4 e3 Bf5;D11;8
184;A91;Dutch Defense 1 d4 f5 2 c4 Nf6 3 g3 e6 4 Bg2 Be7;Dutch Defense;1 d4 f5 2 c4 Nf6 3 g3 e6 4 Bg2 Be7;A90;8
185;E43;Nimzo-Indian, Fischer Variation 1 d4 Nf6 2 c4 e6 3 Nc3 Bb4 4 e3 b6;Nimzo-Indian, Fischer Variation;1 d4 Nf6 2 c4 e6 3 Nc3 Bb4 4 e3 b6;E40;8
186;B33;Sicilian 1 e4 c5 2 Nf3 Nc6 3 d4 cxd4 4 Nxd4;Sicilian;1 e4 c5 2 Nf3 Nc6 3 d4 cxd4 4 Nxd4;B30;7
187;E41;Nimzo-Indian 1 d4 Nf6 2 c4 e6 3 Nc3 Bb4 4 e3 c5;Nimzo-Indian;1 d4 Nf6 2 c4 e6 3 Nc3 Bb4 4 e3 c5;E40;8
188;D40;Queen's Gambit Declined, Semi-Tarrasch 1 d4 d5 2 c4 e6 3 Nc3 Nf6 4 Nf3 c5;Queen's Gambit Declined, Semi-Tarrasch;1 d4 d5 2 c4 e6 3 Nc3 Nf6 4 Nf3 c5;D37;8
189;C32;King's Gambit Declined, Falkbeer Counter Gambit 1 e4 e5 2 f4 d5 3 exd5 e4 4 d3 Nf6 ;King's Gambit Declined, Falkbeer Counter Gambit;1 e4 e5 2 f4 d5 3 exd5 e4 4 d3 Nf6 ;C31;8
190;C13;French 1 e4 e6 2 d4 d5 3 Nc3 Nf6 4 Bg5 Be7;French;1 e4 e6 2 d4 d5 3 Nc3 Nf6 4 Bg5 Be7;C11;8
191;C12;French, McCutcheon 1 e4 e6 2 d4 d5 3 Nc3 Nf6 4 Bg5 Bb4;French, McCutcheon;1 e4 e6 2 d4 d5 3 Nc3 Nf6 4 Bg5 Bb4;C11;8
192;B05;Alekhine's Defense, Modern 1 e4 Nf6 2 e5 Nd5 3 d4 d6 4 Nf3 Bg4;Alekhine's Defense, Modern;1 e4 Nf6 2 e5 Nd5 3 d4 d6 4 Nf3 Bg4;B04;8
193;C71;Ruy Lopez 1 e4 e5 2 Nf3 Nc6 3 Bb5 a6 4 Ba4 d6;Ruy Lopez;1 e4 e5 2 Nf3 Nc6 3 Bb5 a6 4 Ba4 d6;C70;8
194;D38;Queen's Gambit Declined, Ragozin Variation 1 d4 d5 2 c4 e6 3 Nc3 Nf6 4 Nf3 Bb4;Queen's Gambit Declined, Ragozin Variation;1 d4 d5 2 c4 e6 3 Nc3 Nf6 4 Nf3 Bb4;D37;8
195;E46;Nimzo-Indian 1 d4 Nf6 2 c4 e6 3 Nc3 Bb4 4 e3 O-O;Nimzo-Indian;1 d4 Nf6 2 c4 e6 3 Nc3 Bb4 4 e3 O-O;E40;8
196;D26;Queen's Gambit Accepted 1 d4 d5 2 c4 dxc4 3 Nf3 Nf6 4 e3 e6;Queen's Gambit Accepted;1 d4 d5 2 c4 dxc4 3 Nf3 Nf6 4 e3 e6;D25;8
197;E34;Nimzo-Indian, Classical, Noa Variation 1 d4 Nf6 2 c4 e6 3 Nc3 Bb4 4 Qc2 d5;Nimzo-Indian, Classical, Noa Variation;1 d4 Nf6 2 c4 e6 3 Nc3 Bb4 4 Qc2 d5;E32;8
198;D53;Queen's Gambit Declined 1 d4 d5 2 c4 e6 3 Nc3 Nf6 4 Bg5 Be7;Queen's Gambit Declined;1 d4 d5 2 c4 e6 3 Nc3 Nf6 4 Bg5 Be7;D50;8
199;E38;Nimzo-Indian, Classical, 4...c5 1 d4 Nf6 2 c4 e6 3 Nc3 Bb4 4 Qc2 c5;Nimzo-Indian, Classical, 4...c5;1 d4 Nf6 2 c4 e6 3 Nc3 Bb4 4 Qc2 c5;E32;8
200;C77;Ruy Lopez 1 e4 e5 2 Nf3 Nc6 3 Bb5 a6 4 Ba4 Nf6;Ruy Lopez;1 e4 e5 2 Nf3 Nc6 3 Bb5 a6 4 Ba4 Nf6;C70;8
201;D51;Queen's Gambit Declined 1 d4 d5 2 c4 e6 3 Nc3 Nf6 4 Bg5 Nbd7;Queen's Gambit Declined;1 d4 d5 2 c4 e6 3 Nc3 Nf6 4 Bg5 Nbd7;D50;8
202;C04;French, Tarrasch, Guimard Main line 1 e4 e6 2 d4 d5 3 Nd2 Nc6 4 Ngf3 Nf6;French, Tarrasch, Guimard Main line;1 e4 e6 2 d4 d5 3 Nd2 Nc6 4 Ngf3 Nf6;C03;8
203;C08;French, Tarrasch, Open, 4.ed ed 1 e4 e6 2 d4 d5 3 Nd2 c5 4 exd5 exd5;French, Tarrasch, Open, 4.ed ed;1 e4 e6 2 d4 d5 3 Nd2 c5 4 exd5 exd5;C07;8
204;E33;Nimzo-Indian, Classical 1 d4 Nf6 2 c4 e6 3 Nc3 Bb4 4 Qc2 Nc6;Nimzo-Indian, Classical;1 d4 Nf6 2 c4 e6 3 Nc3 Bb4 4 Qc2 Nc6;E32;8
205;C38;King's Gambit Accepted 1 e4 e5 2 f4 exf4 3 Nf3 g5 4 Bc4 Bg7;King's Gambit Accepted;1 e4 e5 2 f4 exf4 3 Nf3 g5 4 Bc4 Bg7;C34;8
206;B41;Sicilian, Kan 1 e4 c5 2 Nf3 e6 3 d4 cxd4 4 Nxd4 a6;Sicilian, Kan;1 e4 c5 2 Nf3 e6 3 d4 cxd4 4 Nxd4 a6;B40;8
207;C66;Ruy Lopez 1 e4 e5 2 Nf3 Nc6 3 Bb5 Nf6 4 O-O d6;Ruy Lopez;1 e4 e5 2 Nf3 Nc6 3 Bb5 Nf6 4 O-O d6;C65;8
208;B32;Sicilian 1 e4 c5 2 Nf3 Nc6 3 d4 cxd4 4 Nxd4 e5;Sicilian;1 e4 c5 2 Nf3 Nc6 3 d4 cxd4 4 Nxd4 e5;B33;8
209;B17;Caro-Kann, Steinitz Variation 1 e4 c6 2 d4 d5 3 Nc3 dxe4 4 Nxe4 Nd7;Caro-Kann, Steinitz Variation;1 e4 c6 2 d4 d5 3 Nc3 dxe4 4 Nxe4 Nd7;B15;8
210;A32;English, Symmetrical Variation 1 c4 c5 2 Nf3 Nf6 3 d4 cxd4 4 Nxd4 e6;English, Symmetrical Variation;1 c4 c5 2 Nf3 Nf6 3 d4 cxd4 4 Nxd4 e6;A31;8
211;D85;Grunfeld 1 d4 Nf6 2 c4 g6 3 Nc3 d5 4 cxd5 Nxd5;Grunfeld;1 d4 Nf6 2 c4 g6 3 Nc3 d5 4 cxd5 Nxd5;D80;8
212;C49;Four Knights 1 e4 e5 2 Nf3 Nc6 3 Nc3 Nf6 4 Bb5 Bb4;Four Knights;1 e4 e5 2 Nf3 Nc6 3 Nc3 Nf6 4 Bb5 Bb4;C48;8
213;B18;Caro-Kann, Classical 1 e4 c6 2 d4 d5 3 Nc3 dxe4 4 Nxe4 Bf5;Caro-Kann, Classical;1 e4 c6 2 d4 d5 3 Nc3 dxe4 4 Nxe4 Bf5;B15;8
214;B44;Sicilian 1 e4 c5 2 Nf3 e6 3 d4 cxd4 4 Nxd4 Nc6;Sicilian;1 e4 c5 2 Nf3 e6 3 d4 cxd4 4 Nxd4 Nc6;B40;8
215;D13;Queen's Gambit Declined Slav, Exchange Variation 1 d4 d5 2 c4 c6 3 Nf3 Nf6 4 cxd5 cxd5;Queen's Gambit Declined Slav, Exchange Variation;1 d4 d5 2 c4 c6 3 Nf3 Nf6 4 cxd5 cxd5;D11;8
216;C67;Ruy Lopez 1 e4 e5 2 Nf3 Nc6 3 Bb5 Nf6 4 O-O Nxe4;Ruy Lopez;1 e4 e5 2 Nf3 Nc6 3 Bb5 Nf6 4 O-O Nxe4;C65;8
217;D45;Queen's Gambit Declined Semi-Slav 1 d4 d5 2 c4 e6 3 Nc3 Nf6 4 Nf3 c6 5 e3;Queen's Gambit Declined Semi-Slav;1 d4 d5 2 c4 e6 3 Nc3 Nf6 4 Nf3 c6 5 e3;D43;9
218;E76;King's Indian, Four Pawns Attack 1 d4 Nf6 2 c4 g6 3 Nc3 Bg7 4 e4 d6 5 f4;King's Indian, Four Pawns Attack;1 d4 Nf6 2 c4 g6 3 Nc3 Bg7 4 e4 d6 5 f4;E70;9
219;E71;King's Indian, Makagonov System (5.h3) 1 d4 Nf6 2 c4 g6 3 Nc3 Bg7 4 e4 d6 5 h3;King's Indian, Makagonov System (5.h3);1 d4 Nf6 2 c4 g6 3 Nc3 Bg7 4 e4 d6 5 h3;E70;9
220;E80;King's Indian, Samisch Variation 1 d4 Nf6 2 c4 g6 3 Nc3 Bg7 4 e4 d6 5 f3;King's Indian, Samisch Variation;1 d4 Nf6 2 c4 g6 3 Nc3 Bg7 4 e4 d6 5 f3;E70;9
221;E72;King's Indian 1 d4 Nf6 2 c4 g6 3 Nc3 Bg7 4 e4 d6 5 g3;King's Indian;1 d4 Nf6 2 c4 g6 3 Nc3 Bg7 4 e4 d6 5 g3;E70;9
222;E06;Catalan, Closed, 5.Nf3 1 d4 Nf6 2 c4 e6 3 g3 d5 4 Bg2 Be7 5 Nf3;Catalan, Closed, 5.Nf3;1 d4 Nf6 2 c4 e6 3 g3 d5 4 Bg2 Be7 5 Nf3;E01;9
223;C74;Ruy Lopez, Modern Steinitz Defense 1 e4 e5 2 Nf3 Nc6 3 Bb5 a6 4 Ba4 d6 5 c3;Ruy Lopez, Modern Steinitz Defense;1 e4 e5 2 Nf3 Nc6 3 Bb5 a6 4 Ba4 d6 5 c3;C71;9
224;E42;Nimzo-Indian, 4.e3 c5, 5.Ne2 (Rubinstein) 1 d4 Nf6 2 c4 e6 3 Nc3 Bb4 4 e3 c5 5 Ne2;Nimzo-Indian, 4.e3 c5, 5.Ne2 (Rubinstein);1 d4 Nf6 2 c4 e6 3 Nc3 Bb4 4 e3 c5 5 Ne2;E41;9
225;D94;Grunfeld 1 d4 Nf6 2 c4 g6 3 Nc3 d5 4 Nf3 Bg7 5 e3;Grunfeld;1 d4 Nf6 2 c4 g6 3 Nc3 d5 4 Nf3 Bg7 5 e3;D90;9
226;D73;Neo-Grunfeld, 5.Nf3 1 d4 Nf6 2 c4 g6 3 g3 d5 4 Bg2 Bg7 5 Nf3;Neo-Grunfeld, 5.Nf3;1 d4 Nf6 2 c4 g6 3 g3 d5 4 Bg2 Bg7 5 Nf3;D71;9
227;A87;Dutch, Leningrad, Main Variation 1 d4 f5 2 c4 Nf6 3 g3 g6 4 Bg2 Bg7 5 Nf3;Dutch, Leningrad, Main Variation;1 d4 f5 2 c4 Nf6 3 g3 g6 4 Bg2 Bg7 5 Nf3;A86;9
228;E62;King's Indian, Fianchetto 1 d4 Nf6 2 c4 g6 3 Nc3 Bg7 4 Nf3 d6 5 g3;King's Indian, Fianchetto;1 d4 Nf6 2 c4 g6 3 Nc3 Bg7 4 Nf3 d6 5 g3;E61;9
229;E90;King's Indian 1 d4 Nf6 2 c4 g6 3 Nc3 Bg7 4 e4 d6 5 Nf3;King's Indian;1 d4 Nf6 2 c4 g6 3 Nc3 Bg7 4 e4 d6 5 Nf3;E70;9
230;E36;Nimzo-Indian, Classical 1 d4 Nf6 2 c4 e6 3 Nc3 Bb4 4 Qc2 d5 5 a3;Nimzo-Indian, Classical;1 d4 Nf6 2 c4 e6 3 Nc3 Bb4 4 Qc2 d5 5 a3;E34;9
231;E44;Nimzo-Indian, Fischer Variation, 5.Ne2 1 d4 Nf6 2 c4 e6 3 Nc3 Bb4 4 e3 b6 5 Ne2;Nimzo-Indian, Fischer Variation, 5.Ne2;1 d4 Nf6 2 c4 e6 3 Nc3 Bb4 4 e3 b6 5 Ne2;E43;9
232;E73;King's Indian 1 d4 Nf6 2 c4 g6 3 Nc3 Bg7 4 e4 d6 5 Be2;King's Indian;1 d4 Nf6 2 c4 g6 3 Nc3 Bg7 4 e4 d6 5 Be2;E70;9
233;D09;Queen's Gambit Declined, Albin Counter Gambit, 5.g3 1 d4 d5 2 c4 e5 3 dxe5 d4 4 Nf3 Nc6 5 g3;Queen's Gambit Declined, Albin Counter Gambit, 5.g3;1 d4 d5 2 c4 e5 3 dxe5 d4 4 Nf3 Nc6 5 g3;D08;9
234;D41;Queen's Gambit Declined, Semi-Tarrasch 1 d4 d5 2 c4 e6 3 Nc3 Nf6 4 Nf3 c5 5 cxd5;Queen's Gambit Declined, Semi-Tarrasch;1 d4 d5 2 c4 e6 3 Nc3 Nf6 4 Nf3 c5 5 cxd5;D40;9
235;D91;Grunfeld, 5.Bg5 1 d4 Nf6 2 c4 g6 3 Nc3 d5 4 Nf3 Bg7 5 Bg5;Grunfeld, 5.Bg5;1 d4 Nf6 2 c4 g6 3 Nc3 d5 4 Nf3 Bg7 5 Bg5;D90;9
236;D92;Grunfeld, 5.Bf4 1 d4 Nf6 2 c4 g6 3 Nc3 d5 4 Nf3 Bg7 5 Bf4;Grunfeld, 5.Bf4;1 d4 Nf6 2 c4 g6 3 Nc3 d5 4 Nf3 Bg7 5 Bf4;D90;9
237;A58;Benko Gambit 1 d4 Nf6 2 c4 c5 3 d5 b5 4 cxb5 a6 5 bxa6;Benko Gambit;1 d4 Nf6 2 c4 c5 3 d5 b5 4 cxb5 a6 5 bxa6;A57;9
238;D16;Queen's Gambit Declined Slav 1 d4 d5 2 c4 c6 3 Nf3 Nf6 4 Nc3 dxc4 5 a4;Queen's Gambit Declined Slav;1 d4 d5 2 c4 c6 3 Nf3 Nf6 4 Nc3 dxc4 5 a4;D15;9
239;A55;Old Indian, Main line 1 d4 Nf6 2 c4 d6 3 Nc3 e5 4 Nf3 Nbd7 5 e4;Old Indian, Main line;1 d4 Nf6 2 c4 d6 3 Nc3 e5 4 Nf3 Nbd7 5 e4;A54;9
240;C72;Ruy Lopez, Modern Steinitz Defense, 5.O-O 1 e4 e5 2 Nf3 Nc6 3 Bb5 a6 4 Ba4 d6 5 O-O;Ruy Lopez, Modern Steinitz Defense, 5.O-O;1 e4 e5 2 Nf3 Nc6 3 Bb5 a6 4 Ba4 d6 5 O-O;C71;9
241;E04;Catalan, Open, 5.Nf3 1 d4 Nf6 2 c4 e6 3 g3 d5 4 Bg2 dxc4 5 Nf3;Catalan, Open, 5.Nf3;1 d4 Nf6 2 c4 e6 3 g3 d5 4 Bg2 dxc4 5 Nf3;E01;9
242;D96;Grunfeld, Russian Variation 1 d4 Nf6 2 c4 g6 3 Nc3 d5 4 Nf3 Bg7 5 Qb3;Grunfeld, Russian Variation;1 d4 Nf6 2 c4 g6 3 Nc3 d5 4 Nf3 Bg7 5 Qb3;D90;9
243;A37;English, Symmetrical 1 c4 c5 2 Nc3 Nc6 3 g3 g6 4 Bg2 Bg7 5 Nf3;English, Symmetrical;1 c4 c5 2 Nc3 Nc6 3 g3 g6 4 Bg2 Bg7 5 Nf3;A36;9
244;A14;English 1 c4 e6 2 Nf3 d5 3 g3 Nf6 4 Bg2 Be7 5 O-O;English;1 c4 e6 2 Nf3 d5 3 g3 Nf6 4 Bg2 Be7 5 O-O;A13;9
245;E50;Nimzo-Indian, 4.e3 O-O 5.Nf3, without ...d5 1 d4 Nf6 2 c4 e6 3 Nc3 Bb4 4 e3 O-O 5 Nf3;Nimzo-Indian, 4.e3 O-O 5.Nf3, without ...d5;1 d4 Nf6 2 c4 e6 3 Nc3 Bb4 4 e3 O-O 5 Nf3;E46;9
246;E47;Nimzo-Indian, 4.e3 O-O 5.Bd3 1 d4 Nf6 2 c4 e6 3 Nc3 Bb4 4 e3 O-O 5 Bd3;Nimzo-Indian, 4.e3 O-O 5.Bd3;1 d4 Nf6 2 c4 e6 3 Nc3 Bb4 4 e3 O-O 5 Bd3;E46;9
247;B42;Sicilian, Kan 1 e4 c5 2 Nf3 e6 3 d4 cxd4 4 Nxd4 a6 5 Bd3;Sicilian, Kan;1 e4 c5 2 Nf3 e6 3 d4 cxd4 4 Nxd4 a6 5 Bd3;B41;9
248;B43;Sicilian, Kan, 5.Nc3 1 e4 c5 2 Nf3 e6 3 d4 cxd4 4 Nxd4 a6 5 Nc3;Sicilian, Kan, 5.Nc3;1 e4 c5 2 Nf3 e6 3 d4 cxd4 4 Nxd4 a6 5 Nc3;B41;9
249;E02;Catalan, Open, 5.Qa4 1 d4 Nf6 2 c4 e6 3 g3 d5 4 Bg2 dxc4 5 Qa4+;Catalan, Open, 5.Qa4;1 d4 Nf6 2 c4 e6 3 g3 d5 4 Bg2 dxc4 5 Qa4+;E01;9
250;B36;Sicilian, Accelerated Fianchetto 1 e4 c5 2 Nf3 Nc6 3 d4 cxd4 4 Nxd4 g6 5 c4;Sicilian, Accelerated Fianchetto;1 e4 c5 2 Nf3 Nc6 3 d4 cxd4 4 Nxd4 g6 5 c4;B33;9
251;C78;Ruy Lopez 1 e4 e5 2 Nf3 Nc6 3 Bb5 a6 4 Ba4 Nf6 5 O-O;Ruy Lopez;1 e4 e5 2 Nf3 Nc6 3 Bb5 a6 4 Ba4 Nf6 5 O-O;C77;9
252;C43;Petrov, Modern Attack 1 e4 e5 2 Nf3 Nf6 3 d4 exd4 4 e5 Ne4 5 Qxd4;Petrov, Modern Attack;1 e4 e5 2 Nf3 Nf6 3 d4 exd4 4 e5 Ne4 5 Qxd4;C42;9
253;A26;English 1 c4 e5 2 Nc3 Nc6 3 g3 g6 4 Bg2 Bg7 5 d3 d6;English;1 c4 e5 2 Nc3 Nc6 3 g3 g6 4 Bg2 Bg7 5 d3 d6;A25;10
254;B45;Sicilian, Taimanov 1 e4 c5 2 Nf3 e6 3 d4 cxd4 4 Nxd4 Nc6 5 Nc3;Sicilian, Taimanov;1 e4 c5 2 Nf3 e6 3 d4 cxd4 4 Nxd4 Nc6 5 Nc3;B44;9
255;E81;King's Indian, Samisch 1 d4 Nf6 2 c4 g6 3 Nc3 Bg7 4 e4 d6 5 f3 O-O;King's Indian, Samisch;1 d4 Nf6 2 c4 g6 3 Nc3 Bg7 4 e4 d6 5 f3 O-O;E80;10
256;B56;Sicilian 1 e4 c5 2 Nf3 d6 3 d4 cxd4 4 Nxd4 Nf6 5 Nc3;Sicilian;1 e4 c5 2 Nf3 d6 3 d4 cxd4 4 Nxd4 Nf6 5 Nc3;B54;9
257;C01;French, Exchange 1 e4 e6 2 d4 d5 3 exd5 exd5 4 Nc3 Nf6 5 Bg5;French, Exchange;1 e4 e6 2 d4 d5 3 exd5 exd5 4 Nc3 Nf6 5 Bg5;C00;9
258;B25;Sicilian, Closed 1 e4 c5 2 Nc3 Nc6 3 g3 g6 4 Bg2 Bg7 5 d3 d6;Sicilian, Closed;1 e4 c5 2 Nc3 Nc6 3 g3 g6 4 Bg2 Bg7 5 d3 d6;B24;10
259;C75;Ruy Lopez, Modern Steinitz Defense 1 e4 e5 2 Nf3 Nc6 3 Bb5 a6 4 Ba4 d6 5 c3 Bd7;Ruy Lopez, Modern Steinitz Defense;1 e4 e5 2 Nf3 Nc6 3 Bb5 a6 4 Ba4 d6 5 c3 Bd7;C74;10
260;E24;Nimzo-Indian, Samisch 1 d4 Nf6 2 c4 e6 3 Nc3 Bb4 4 a3 Bxc3+ 5 bxc3;Nimzo-Indian, Samisch;1 d4 Nf6 2 c4 e6 3 Nc3 Bb4 4 a3 Bxc3+ 5 bxc3;E20;9
261;E51;Nimzo-Indian, 4.e3 1 d4 Nf6 2 c4 e6 3 Nc3 Bb4 4 e3 O-O 5 Nf3 d5;Nimzo-Indian, 4.e3;1 d4 Nf6 2 c4 e6 3 Nc3 Bb4 4 e3 O-O 5 Nf3 d5;E50;10
262;E45;Nimzo-Indian, 4.e3, Bronstein (Byrne) Variation 1 d4 Nf6 2 c4 e6 3 Nc3 Bb4 4 e3 b6 5 Ne2 Ba6;Nimzo-Indian, 4.e3, Bronstein (Byrne) Variation;1 d4 Nf6 2 c4 e6 3 Nc3 Bb4 4 e3 b6 5 Ne2 Ba6;E44;10
263;A92;Dutch 1 d4 f5 2 c4 Nf6 3 g3 e6 4 Bg2 Be7 5 Nf3 O-O;Dutch;1 d4 f5 2 c4 Nf6 3 g3 e6 4 Bg2 Be7 5 Nf3 O-O;A91;10
264;E48;Nimzo-Indian, 4.e3 O-O 5.Bd3 d5 1 d4 Nf6 2 c4 e6 3 Nc3 Bb4 4 e3 O-O 5 Bd3 d5;Nimzo-Indian, 4.e3 O-O 5.Bd3 d5;1 d4 Nf6 2 c4 e6 3 Nc3 Bb4 4 e3 O-O 5 Bd3 d5;E47;10
265;E17;Queen's Indian 1 d4 Nf6 2 c4 e6 3 Nf3 b6 4 g3 Bb7 5 Bg2 Be7;Queen's Indian;1 d4 Nf6 2 c4 e6 3 Nf3 b6 4 g3 Bb7 5 Bg2 Be7;E15;10
266;B34;Sicilian, Accelerated Fianchetto 1 e4 c5 2 Nf3 Nc6 3 d4 cxd4 4 Nxd4 g6 5 Nxc6;Sicilian, Accelerated Fianchetto;1 e4 c5 2 Nf3 Nc6 3 d4 cxd4 4 Nxd4 g6 5 Nxc6;B33;9
267;D83;Grunfeld, Grunfeld Gambit 1 d4 Nf6 2 c4 g6 3 Nc3 d5 4 Bf4 Bg7 5 e3 O-O;Grunfeld, Grunfeld Gambit;1 d4 Nf6 2 c4 g6 3 Nc3 d5 4 Bf4 Bg7 5 e3 O-O;D82;10
268;D44;Queen's Gambit Declined Semi-Slav 1 d4 d5 2 c4 e6 3 Nc3 Nf6 4 Nf3 c6 5 Bg5 dxc4;Queen's Gambit Declined Semi-Slav;1 d4 d5 2 c4 e6 3 Nc3 Nf6 4 Nf3 c6 5 Bg5 dxc4;D43;10
269;A38;English, Symmetrical 1 c4 c5 2 Nc3 Nc6 3 g3 g6 4 Bg2 Bg7 5 Nf3 Nf6;English, Symmetrical;1 c4 c5 2 Nc3 Nc6 3 g3 g6 4 Bg2 Bg7 5 Nf3 Nf6;A37;10
270;D17;Queen's Gambit Declined Slav 1 d4 d5 2 c4 c6 3 Nf3 Nf6 4 Nc3 dxc4 5 a4 Bf5;Queen's Gambit Declined Slav;1 d4 d5 2 c4 c6 3 Nf3 Nf6 4 Nc3 dxc4 5 a4 Bf5;D16;10
271;E05;Catalan, Open, Classical line 1 d4 Nf6 2 c4 e6 3 g3 d5 4 Bg2 dxc4 5 Nf3 Be7;Catalan, Open, Classical line;1 d4 Nf6 2 c4 e6 3 g3 d5 4 Bg2 dxc4 5 Nf3 Be7;E04;10
272;E16;Queen's Indian 1 d4 Nf6 2 c4 e6 3 Nf3 b6 4 g3 Bb7 5 Bg2 Bb4+;Queen's Indian;1 d4 Nf6 2 c4 e6 3 Nf3 b6 4 g3 Bb7 5 Bg2 Bb4+;E15;10
273;B14;Caro-Kann, Panov-Botvinnik Attack 1 e4 c6 2 d4 d5 3 exd5 cxd5 4 c4 Nf6 5 Nc3 e6;Caro-Kann, Panov-Botvinnik Attack;1 e4 c6 2 d4 d5 3 exd5 cxd5 4 c4 Nf6 5 Nc3 e6;B13;10
274;C79;Ruy Lopez, Steinitz Defense Deferred 1 e4 e5 2 Nf3 Nc6 3 Bb5 a6 4 Ba4 Nf6 5 O-O d6;Ruy Lopez, Steinitz Defense Deferred;1 e4 e5 2 Nf3 Nc6 3 Bb5 a6 4 Ba4 Nf6 5 O-O d6;C78;10
275;C84;Ruy Lopez, Closed 1 e4 e5 2 Nf3 Nc6 3 Bb5 a6 4 Ba4 Nf6 5 O-O Be7;Ruy Lopez, Closed;1 e4 e5 2 Nf3 Nc6 3 Bb5 a6 4 Ba4 Nf6 5 O-O Be7;C78;10
276;B70;Sicilian, Dragon Variation 1 e4 c5 2 Nf3 d6 3 d4 cxd4 4 Nxd4 Nf6 5 Nc3 g6;Sicilian, Dragon Variation;1 e4 c5 2 Nf3 d6 3 d4 cxd4 4 Nxd4 Nf6 5 Nc3 g6;B56;10
277;D39;Queen's Gambit Declined, Ragozin, Vienna Variation 1 d4 d5 2 c4 e6 3 Nc3 Nf6 4 Nf3 Bb4 5 Bg5 dxc4;Queen's Gambit Declined, Ragozin, Vienna Variation;1 d4 d5 2 c4 e6 3 Nc3 Nf6 4 Nf3 Bb4 5 Bg5 dxc4;D38;10
278;E39;Nimzo-Indian, Classical, Pirc Variation 1 d4 Nf6 2 c4 e6 3 Nc3 Bb4 4 Qc2 c5 5 dxc5 O-O;Nimzo-Indian, Classical, Pirc Variation;1 d4 Nf6 2 c4 e6 3 Nc3 Bb4 4 Qc2 c5 5 dxc5 O-O;E38;10
279;C52;Evans Gambit 1 e4 e5 2 Nf3 Nc6 3 Bc4 Bc5 4 b4 Bxb4 5 c3 Ba5;Evans Gambit;1 e4 e5 2 Nf3 Nc6 3 Bc4 Bc5 4 b4 Bxb4 5 c3 Ba5;C50;10
280;B37;Sicilian, Accelerated Fianchetto 1 e4 c5 2 Nf3 Nc6 3 d4 cxd4 4 Nxd4 g6 5 c4 Bg7;Sicilian, Accelerated Fianchetto;1 e4 c5 2 Nf3 Nc6 3 d4 cxd4 4 Nxd4 g6 5 c4 Bg7;B36;10
281;E23;Nimzo-Indian, Spielmann 1 d4 Nf6 2 c4 e6 3 Nc3 Bb4 4 Qb3 c5 5 dxc5 Nc6;Nimzo-Indian, Spielmann;1 d4 Nf6 2 c4 e6 3 Nc3 Bb4 4 Qb3 c5 5 dxc5 Nc6;E22;10
282;B90;Sicilian, Najdorf 1 e4 c5 2 Nf3 d6 3 d4 cxd4 4 Nxd4 Nf6 5 Nc3 a6;Sicilian, Najdorf;1 e4 c5 2 Nf3 d6 3 d4 cxd4 4 Nxd4 Nf6 5 Nc3 a6;B56;10
283;B46;Sicilian, Taimanov Variation 1 e4 c5 2 Nf3 e6 3 d4 cxd4 4 Nxd4 Nc6 5 Nc3 a6;Sicilian, Taimanov Variation;1 e4 c5 2 Nf3 e6 3 d4 cxd4 4 Nxd4 Nc6 5 Nc3 a6;B45;10
284;B80;Sicilian, Scheveningen 1 e4 c5 2 Nf3 d6 3 d4 cxd4 4 Nxd4 Nf6 5 Nc3 e6;Sicilian, Scheveningen;1 e4 c5 2 Nf3 d6 3 d4 cxd4 4 Nxd4 Nf6 5 Nc3 e6;B56;10
285;B47;Sicilian, Taimanov (Bastrikov) Variation 1 e4 c5 2 Nf3 e6 3 d4 cxd4 4 Nxd4 Nc6 5 Nc3 Qc7;Sicilian, Taimanov (Bastrikov) Variation;1 e4 c5 2 Nf3 e6 3 d4 cxd4 4 Nxd4 Nc6 5 Nc3 Qc7;B45;10
286;E35;Nimzo-Indian, Classical, Noa Variation, 5.cd ed 1 d4 Nf6 2 c4 e6 3 Nc3 Bb4 4 Qc2 d5 5 cxd5 exd5;Nimzo-Indian, Classical, Noa Variation, 5.cd ed;1 d4 Nf6 2 c4 e6 3 Nc3 Bb4 4 Qc2 d5 5 cxd5 exd5;E34;10
287;C80;Ruy Lopez, Open 1 e4 e5 2 Nf3 Nc6 3 Bb5 a6 4 Ba4 Nf6 5 O-O Nxe4;Ruy Lopez, Open;1 e4 e5 2 Nf3 Nc6 3 Bb5 a6 4 Ba4 Nf6 5 O-O Nxe4;C78;10
288;A33;English, Symmetrical 1 c4 c5 2 Nf3 Nf6 3 d4 cxd4 4 Nxd4 e6 5 Nc3 Nc6;English, Symmetrical;1 c4 c5 2 Nf3 Nf6 3 d4 cxd4 4 Nxd4 e6 5 Nc3 Nc6;A32;10
289;C09;French, Tarrasch, Open Variation, Main line 1 e4 e6 2 d4 d5 3 Nd2 c5 4 exd5 exd5 5 Ngf3 Nc6;French, Tarrasch, Open Variation, Main line;1 e4 e6 2 d4 d5 3 Nd2 c5 4 exd5 exd5 5 Ngf3 Nc6;C08;10
290;C58;Two Knights 1 e4 e5 2 Nf3 Nc6 3 Bc4 Nf6 4 Ng5 d5 5 exd5 Na5;Two Knights;1 e4 e5 2 Nf3 Nc6 3 Bc4 Nf6 4 Ng5 d5 5 exd5 Na5;C57;10
291;C69;Ruy Lopez, Exchange, Gligoric Variation 1 e4 e5 2 Nf3 Nc6 3 Bb5 a6 4 Bxc6 dxc6 5 O-O f6 ;Ruy Lopez, Exchange, Gligoric Variation;1 e4 e5 2 Nf3 Nc6 3 Bb5 a6 4 Bxc6 dxc6 5 O-O f6 ;C68;10
292;C56;Two Knights 1 e4 e5 2 Nf3 Nc6 3 Bc4 Nf6 4 d4 exd4 5 O-O Nxe4;Two Knights;1 e4 e5 2 Nf3 Nc6 3 Bc4 Nf6 4 d4 exd4 5 O-O Nxe4;C55;10
293;E27;Nimzo-Indian, Samisch Variation 1 d4 Nf6 2 c4 e6 3 Nc3 Bb4 4 a3 Bxc3+ 5 bxc3 O-O;Nimzo-Indian, Samisch Variation;1 d4 Nf6 2 c4 e6 3 Nc3 Bb4 4 a3 Bxc3+ 5 bxc3 O-O;E24;10
294;E77;King's Indian 1 d4 Nf6 2 c4 g6 3 Nc3 Bg7 4 e4 d6 5 f4 O-O 6 Be2;King's Indian;1 d4 Nf6 2 c4 g6 3 Nc3 Bg7 4 e4 d6 5 f4 O-O 6 Be2;E76;11
295;B26;Sicilian, Closed, 6.Be3 1 e4 c5 2 Nc3 Nc6 3 g3 g6 4 Bg2 Bg7 5 d3 d6 6 Be3;Sicilian, Closed, 6.Be3;1 e4 c5 2 Nc3 Nc6 3 g3 g6 4 Bg2 Bg7 5 d3 d6 6 Be3;B25;11
296;D93;Grunfeld, with Bf4 & e3 1 d4 Nf6 2 c4 g6 3 Nc3 d5 4 Nf3 Bg7 5 Bf4 O-O 6 e3;Grunfeld, with Bf4 & e3;1 d4 Nf6 2 c4 g6 3 Nc3 d5 4 Nf3 Bg7 5 Bf4 O-O 6 e3;D92;11
297;D95;Grunfeld 1 d4 Nf6 2 c4 g6 3 Nc3 d5 4 Nf3 Bg7 5 e3 O-O 6 Qb3;Grunfeld;1 d4 Nf6 2 c4 g6 3 Nc3 d5 4 Nf3 Bg7 5 e3 O-O 6 Qb3;D94;11
298;D22;Queen's Gambit Accepted 1 d4 d5 2 c4 dxc4 3 Nf3 a6 4 e3 Bg4 5 Bxc4 e6 6 d5;Queen's Gambit Accepted;1 d4 d5 2 c4 dxc4 3 Nf3 a6 4 e3 Bg4 5 Bxc4 e6 6 d5;D21;11
299;B16;Caro-Kann, Bronstein-Larsen Variation 1 e4 c6 2 d4 d5 3 Nc3 dxe4 4 Nxe4 Nf6 5 Nxf6+ gxf6;Caro-Kann, Bronstein-Larsen Variation;1 e4 c6 2 d4 d5 3 Nc3 dxe4 4 Nxe4 Nf6 5 Nxf6+ gxf6;B15;10
300;A65;Benoni, 6.e4 1 d4 Nf6 2 c4 c5 3 d5 e6 4 Nc3 exd5 5 cxd5 d6 6 e4;Benoni, 6.e4;1 d4 Nf6 2 c4 c5 3 d5 e6 4 Nc3 exd5 5 cxd5 d6 6 e4;A60;11
301;D77;Neo-Grunfeld, 6.O-O 1 d4 Nf6 2 c4 g6 3 g3 d5 4 Bg2 Bg7 5 Nf3 O-O 6 O-O;Neo-Grunfeld, 6.O-O;1 d4 Nf6 2 c4 g6 3 g3 d5 4 Bg2 Bg7 5 Nf3 O-O 6 O-O;D73;11
302;D46;Queen's Gambit Declined Semi-Slav 1 d4 d5 2 c4 e6 3 Nc3 Nf6 4 Nf3 c6 5 e3 Nbd7 6 Bd3;Queen's Gambit Declined Semi-Slav;1 d4 d5 2 c4 e6 3 Nc3 Nf6 4 Nf3 c6 5 e3 Nbd7 6 Bd3;D45;11
303;D55;Queen's Gambit Declined 1 d4 d5 2 c4 e6 3 Nc3 Nf6 4 Bg5 Be7 5 e3 O-O 6 Nf3;Queen's Gambit Declined;1 d4 d5 2 c4 e6 3 Nc3 Nf6 4 Bg5 Be7 5 e3 O-O 6 Nf3;D53;11
304;D54;Queen's Gambit Declined, Anti-Neo-Orthodox Variation 1 d4 d5 2 c4 e6 3 Nc3 Nf6 4 Bg5 Be7 5 e3 O-O 6 Rc1;Queen's Gambit Declined, Anti-Neo-Orthodox Variation;1 d4 d5 2 c4 e6 3 Nc3 Nf6 4 Bg5 Be7 5 e3 O-O 6 Rc1;D53;11
305;D52;Queen's Gambit Declined 1 d4 d5 2 c4 e6 3 Nc3 Nf6 4 Bg5 Nbd7 5 e3 c6 6 Nf3;Queen's Gambit Declined;1 d4 d5 2 c4 e6 3 Nc3 Nf6 4 Bg5 Nbd7 5 e3 c6 6 Nf3;D51;11
306;E91;King's Indian 1 d4 Nf6 2 c4 g6 3 Nc3 Bg7 4 e4 d6 5 Nf3 O-O 6 Be2;King's Indian;1 d4 Nf6 2 c4 g6 3 Nc3 Bg7 4 e4 d6 5 Nf3 O-O 6 Be2;E90;11
307;D18;Queen's Gambit Declined Slav, Dutch 1 d4 d5 2 c4 c6 3 Nf3 Nf6 4 Nc3 dxc4 5 a4 Bf5 6 e3;Queen's Gambit Declined Slav, Dutch;1 d4 d5 2 c4 c6 3 Nf3 Nf6 4 Nc3 dxc4 5 a4 Bf5 6 e3;D17;11
308;B93;Sicilian, Najdorf, 6.f4 1 e4 c5 2 Nf3 d6 3 d4 cxd4 4 Nxd4 Nf6 5 Nc3 a6 6 f4;Sicilian, Najdorf, 6.f4;1 e4 c5 2 Nf3 d6 3 d4 cxd4 4 Nxd4 Nf6 5 Nc3 a6 6 f4;B90;11
309;D33;Queen's Gambit Declined, Tarrasch 1 d4 d5 2 c4 e6 3 Nc3 c5 4 cxd5 exd5 5 Nf3 Nc6 6 g3;Queen's Gambit Declined, Tarrasch;1 d4 d5 2 c4 e6 3 Nc3 c5 4 cxd5 exd5 5 Nf3 Nc6 6 g3;D32;11
310;B91;Sicilian, Najdorf, Zagreb (Fianchetto) Variation 1 e4 c5 2 Nf3 d6 3 d4 cxd4 4 Nxd4 Nf6 5 Nc3 a6 6 g3;Sicilian, Najdorf, Zagreb (Fianchetto) Variation;1 e4 c5 2 Nf3 d6 3 d4 cxd4 4 Nxd4 Nf6 5 Nc3 a6 6 g3;B90;11
311;C18;French, Winawer 1 e4 e6 2 d4 d5 3 Nc3 Bb4 4 e5 c5 5 a3 Bxc3+ 6 bxc3;French, Winawer;1 e4 e6 2 d4 d5 3 Nc3 Bb4 4 e5 c5 5 a3 Bxc3+ 6 bxc3;C17;11
312;B71;Sicilian, Dragon, Levenfish Variation 1 e4 c5 2 Nf3 d6 3 d4 cxd4 4 Nxd4 Nf6 5 Nc3 g6 6 f4;Sicilian, Dragon, Levenfish Variation;1 e4 c5 2 Nf3 d6 3 d4 cxd4 4 Nxd4 Nf6 5 Nc3 g6 6 f4;B70;11
313;B82;Sicilian, Scheveningen 1 e4 c5 2 Nf3 d6 3 d4 cxd4 4 Nxd4 Nf6 5 Nc3 e6 6 f4;Sicilian, Scheveningen;1 e4 c5 2 Nf3 d6 3 d4 cxd4 4 Nxd4 Nf6 5 Nc3 e6 6 f4;B80;11
314;B81;Sicilian, Scheveningen, Keres Attack 1 e4 c5 2 Nf3 d6 3 d4 cxd4 4 Nxd4 Nf6 5 Nc3 e6 6 g4;Sicilian, Scheveningen, Keres Attack;1 e4 c5 2 Nf3 d6 3 d4 cxd4 4 Nxd4 Nf6 5 Nc3 e6 6 g4;B80;11
315;D36;Queen's Gambit Declined, Exchange, Positional line, 6.Qc2 1 d4 d5 2 c4 e6 3 Nc3 Nf6 4 cxd5 exd5 5 Bg5 c6 6 Qc2;Queen's Gambit Declined, Exchange, Positional line, 6.Qc2;1 d4 d5 2 c4 e6 3 Nc3 Nf6 4 cxd5 exd5 5 Bg5 c6 6 Qc2;D35;11
316;E26;Nimzo-Indian, Samisch 1 d4 Nf6 2 c4 e6 3 Nc3 Bb4 4 a3 Bxc3+ 5 bxc3 c5 6 e3;Nimzo-Indian, Samisch;1 d4 Nf6 2 c4 e6 3 Nc3 Bb4 4 a3 Bxc3+ 5 bxc3 c5 6 e3;E24;11
317;E31;Nimzo-Indian, Leningrad, Main line 1 d4 Nf6 2 c4 e6 3 Nc3 Bb4 4 Bg5 h6 5 Bh4 c5 6 d5 d6;Nimzo-Indian, Leningrad, Main line;1 d4 Nf6 2 c4 e6 3 Nc3 Bb4 4 Bg5 h6 5 Bh4 c5 6 d5 d6;E30;12
318;B38;Sicilian, Accelerated Fianchetto, Maroczy Bind, 6.Be3 1 e4 c5 2 Nf3 Nc6 3 d4 cxd4 4 Nxd4 g6 5 c4 Bg7 6 Be3;Sicilian, Accelerated Fianchetto, Maroczy Bind, 6.Be3;1 e4 c5 2 Nf3 Nc6 3 d4 cxd4 4 Nxd4 g6 5 c4 Bg7 6 Be3;B37;11
319;B92;Sicilian, Najdorf, Opocensky Variation 1 e4 c5 2 Nf3 d6 3 d4 cxd4 4 Nxd4 Nf6 5 Nc3 a6 6 Be2;Sicilian, Najdorf, Opocensky Variation;1 e4 c5 2 Nf3 d6 3 d4 cxd4 4 Nxd4 Nf6 5 Nc3 a6 6 Be2;B90;11
320;E82;King's Indian, Samisch, double Fianchetto Variation 1 d4 Nf6 2 c4 g6 3 Nc3 Bg7 4 e4 d6 5 f3 O-O 6 Be3 b6;King's Indian, Samisch, double Fianchetto Variation;1 d4 Nf6 2 c4 g6 3 Nc3 Bg7 4 e4 d6 5 f3 O-O 6 Be3 b6;E81;12
321;C86;Ruy Lopez, Worrall Attack 1 e4 e5 2 Nf3 Nc6 3 Bb5 a6 4 Ba4 Nf6 5 O-O Be7 6 Qe2;Ruy Lopez, Worrall Attack;1 e4 e5 2 Nf3 Nc6 3 Bb5 a6 4 Ba4 Nf6 5 O-O Be7 6 Qe2;C84;11
322;E85;King's Indian, Samisch, Orthodox Variation 1 d4 Nf6 2 c4 g6 3 Nc3 Bg7 4 e4 d6 5 f3 O-O 6 Be3 e5;King's Indian, Samisch, Orthodox Variation;1 d4 Nf6 2 c4 g6 3 Nc3 Bg7 4 e4 d6 5 f3 O-O 6 Be3 e5;E81;12
323;B94;Sicilian, Najdorf 1 e4 c5 2 Nf3 d6 3 d4 cxd4 4 Nxd4 Nf6 5 Nc3 a6 6 Bg5;Sicilian, Najdorf;1 e4 c5 2 Nf3 d6 3 d4 cxd4 4 Nxd4 Nf6 5 Nc3 a6 6 Bg5;B90;11
324;B72;Sicilian, Dragon 1 e4 c5 2 Nf3 d6 3 d4 cxd4 4 Nxd4 Nf6 5 Nc3 g6 6 Be3;Sicilian, Dragon;1 e4 c5 2 Nf3 d6 3 d4 cxd4 4 Nxd4 Nf6 5 Nc3 g6 6 Be3;B70;11
325;C76;Ruy Lopez, Modern Steinitz Defense, Fianchetto Variation 1 e4 e5 2 Nf3 Nc6 3 Bb5 a6 4 Ba4 d6 5 c3 Bd7 6 d4 g6;Ruy Lopez, Modern Steinitz Defense, Fianchetto Variation;1 e4 e5 2 Nf3 Nc6 3 Bb5 a6 4 Ba4 d6 5 c3 Bd7 6 d4 g6;C75;12
326;B83;Sicilian 1 e4 c5 2 Nf3 d6 3 d4 cxd4 4 Nxd4 Nf6 5 Nc3 e6 6 Be2;Sicilian;1 e4 c5 2 Nf3 d6 3 d4 cxd4 4 Nxd4 Nf6 5 Nc3 e6 6 Be2;B80;11
327;B86;Sicilian, Fischer-Sozin Attack 1 e4 c5 2 Nf3 d6 3 d4 cxd4 4 Nxd4 Nf6 5 Nc3 e6 6 Bc4;Sicilian, Fischer-Sozin Attack;1 e4 c5 2 Nf3 d6 3 d4 cxd4 4 Nxd4 Nf6 5 Nc3 e6 6 Bc4;B80;11
328;B55;Sicilian, Prins Variation, Venice Attack 1 e4 c5 2 Nf3 d6 3 d4 cxd4 4 Nxd4 Nf6 5 f3 e5 6 Bb5+;Sicilian, Prins Variation, Venice Attack;1 e4 c5 2 Nf3 d6 3 d4 cxd4 4 Nxd4 Nf6 5 f3 e5 6 Bb5+;B54;11
329;D78;Neo-Grunfeld, 6.O-O c6 1 d4 Nf6 2 c4 g6 3 g3 d5 4 Bg2 Bg7 5 Nf3 O-O 6 O-O c6;Neo-Grunfeld, 6.O-O c6;1 d4 Nf6 2 c4 g6 3 g3 d5 4 Bg2 Bg7 5 Nf3 O-O 6 O-O c6;D77;12
330;C54;Giuoco Piano 1 e4 e5 2 Nf3 Nc6 3 Bc4 Bc5 4 c3 Nf6 5 d4 exd4 6 cxd4;Giuoco Piano;1 e4 e5 2 Nf3 Nc6 3 Bc4 Bc5 4 c3 Nf6 5 d4 exd4 6 cxd4;C53;11
331;E28;Nimzo-Indian, Samisch Variation 1 d4 Nf6 2 c4 e6 3 Nc3 Bb4 4 a3 Bxc3+ 5 bxc3 O-O 6 e3;Nimzo-Indian, Samisch Variation;1 d4 Nf6 2 c4 e6 3 Nc3 Bb4 4 a3 Bxc3+ 5 bxc3 O-O 6 e3;E27;11
332;B60;Sicilian, Richter-Rauzer 1 e4 c5 2 Nf3 d6 3 d4 cxd4 4 Nxd4 Nf6 5 Nc3 Nc6 6 Bg5;Sicilian, Richter-Rauzer;1 e4 c5 2 Nf3 d6 3 d4 cxd4 4 Nxd4 Nf6 5 Nc3 Nc6 6 Bg5;B56;11
333;B58;Sicilian 1 e4 c5 2 Nf3 Nc6 3 d4 cxd4 4 Nxd4 Nf6 5 Nc3 d6 6 Be2;Sicilian;1 e4 c5 2 Nf3 Nc6 3 d4 cxd4 4 Nxd4 Nf6 5 Nc3 d6 6 Be2;B33;11
334;E52;Nimzo-Indian, 4.e3, Main line with ...b6 1 d4 Nf6 2 c4 e6 3 Nc3 Bb4 4 e3 O-O 5 Nf3 d5 6 Bd3 b6;Nimzo-Indian, 4.e3, Main line with ...b6;1 d4 Nf6 2 c4 e6 3 Nc3 Bb4 4 e3 O-O 5 Nf3 d5 6 Bd3 b6;E51;12
335;E53;Nimzo-Indian, 4.e3 1 d4 Nf6 2 c4 e6 3 Nc3 Bb4 4 e3 O-O 5 Nf3 d5 6 Bd3 c5;Nimzo-Indian, 4.e3;1 d4 Nf6 2 c4 e6 3 Nc3 Bb4 4 e3 O-O 5 Nf3 d5 6 Bd3 c5;E51;12
336;E74;King's Indian, Averbakh, 6...c5 1 d4 Nf6 2 c4 g6 3 Nc3 Bg7 4 e4 d6 5 Be2 O-O 6 Bg5 c5;King's Indian, Averbakh, 6...c5;1 d4 Nf6 2 c4 g6 3 Nc3 Bg7 4 e4 d6 5 Be2 O-O 6 Bg5 c5;E73;12
337;B57;Sicilian 1 e4 c5 2 Nf3 d6 3 d4 cxd4 4 Nxd4 Nf6 5 Nc3 Nc6 6 Bc4;Sicilian;1 e4 c5 2 Nf3 d6 3 d4 cxd4 4 Nxd4 Nf6 5 Nc3 Nc6 6 Bc4;B56;11
338;A96;Dutch, Classical Variation 1 d4 f5 2 c4 Nf6 3 g3 e6 4 Bg2 Be7 5 Nf3 O-O 6 O-O d6;Dutch, Classical Variation;1 d4 f5 2 c4 Nf6 3 g3 e6 4 Bg2 Be7 5 Nf3 O-O 6 O-O d6;A92;12
339;E92;King's Indian 1 d4 Nf6 2 c4 g6 3 Nc3 Bg7 4 e4 d6 5 Nf3 O-O 6 Be2 e5;King's Indian;1 d4 Nf6 2 c4 g6 3 Nc3 Bg7 4 e4 d6 5 Nf3 O-O 6 Be2 e5;E91;12
340;C73;Ruy Lopez, Modern Steinitz Defense 1 e4 e5 2 Nf3 Nc6 3 Bb5 a6 4 Ba4 d6 5 Bxc6+ bxc6 6 d4;Ruy Lopez, Modern Steinitz Defense;1 e4 e5 2 Nf3 Nc6 3 Bb5 a6 4 Ba4 d6 5 Bxc6+ bxc6 6 d4;C71;11
341;E83;King's Indian, Samisch 1 d4 Nf6 2 c4 g6 3 Nc3 Bg7 4 e4 d6 5 f3 O-O 6 Be3 Nc6;King's Indian, Samisch;1 d4 Nf6 2 c4 g6 3 Nc3 Bg7 4 e4 d6 5 f3 O-O 6 Be3 Nc6;E81;12
342;B48;Sicilian, Taimanov Variation 1 e4 c5 2 Nf3 e6 3 d4 cxd4 4 Nxd4 Nc6 5 Nc3 Qc7 6 Be3;Sicilian, Taimanov Variation;1 e4 c5 2 Nf3 e6 3 d4 cxd4 4 Nxd4 Nc6 5 Nc3 Qc7 6 Be3;B47;11
343;E64;King's Indian, Fianchetto, Yugoslav System 1 d4 Nf6 2 c4 g6 3 Nc3 Bg7 4 Nf3 d6 5 g3 O-O 6 Bg2 c5;King's Indian, Fianchetto, Yugoslav System;1 d4 Nf6 2 c4 g6 3 Nc3 Bg7 4 Nf3 d6 5 g3 O-O 6 Bg2 c5;E62;12
344;D27;Queen's Gambit Accepted, Classical 1 d4 d5 2 c4 dxc4 3 Nf3 Nf6 4 e3 e6 5 Bxc4 c5 6 O-O a6;Queen's Gambit Accepted, Classical;1 d4 d5 2 c4 dxc4 3 Nf3 Nf6 4 e3 e6 5 Bxc4 c5 6 O-O a6;D26;12
345;A61;Benoni 1 d4 Nf6 2 c4 c5 3 d5 e6 4 Nc3 exd5 5 cxd5 d6 6 Nf3 g6;Benoni;1 d4 Nf6 2 c4 c5 3 d5 e6 4 Nc3 exd5 5 cxd5 d6 6 Nf3 g6;A60;12
346;E03;Catalan, Open 1 d4 Nf6 2 c4 e6 3 g3 d5 4 Bg2 dxc4 5 Qa4+ Nbd7 6 Qxc4;Catalan, Open;1 d4 Nf6 2 c4 e6 3 g3 d5 4 Bg2 dxc4 5 Qa4+ Nbd7 6 Qxc4;E02;11
347;E13;Queen's Indian, 4.Nc3, Main line 1 d4 Nf6 2 c4 e6 3 Nf3 b6 4 Nc3 Bb7 5 Bg5 h6 6 Bh4 Bb4;Queen's Indian, 4.Nc3, Main line;1 d4 Nf6 2 c4 e6 3 Nf3 b6 4 Nc3 Bb7 5 Bg5 h6 6 Bh4 Bb4;E12;12
348;E67;King's Indian, Fianchetto 1 d4 Nf6 2 c4 g6 3 Nc3 Bg7 4 Nf3 d6 5 g3 O-O 6 Bg2 Nbd7;King's Indian, Fianchetto;1 d4 Nf6 2 c4 g6 3 Nc3 Bg7 4 Nf3 d6 5 g3 O-O 6 Bg2 Nbd7;E62;12
349;B84;Sicilian, Scheveningen 1 e4 c5 2 Nf3 d6 3 d4 cxd4 4 Nxd4 Nf6 5 Nc3 e6 6 Be2 a6;Sicilian, Scheveningen;1 e4 c5 2 Nf3 d6 3 d4 cxd4 4 Nxd4 Nf6 5 Nc3 e6 6 Be2 a6;B83;12
350;C87;Ruy Lopez 1 e4 e5 2 Nf3 Nc6 3 Bb5 a6 4 Ba4 Nf6 5 O-O Be7 6 Re1 d6;Ruy Lopez;1 e4 e5 2 Nf3 Nc6 3 Bb5 a6 4 Ba4 Nf6 5 O-O Be7 6 Re1 d6;C84;12
351;E07;Catalan, Closed 1 d4 Nf6 2 c4 e6 3 g3 d5 4 Bg2 Be7 5 Nf3 O-O 6 O-O Nbd7;Catalan, Closed;1 d4 Nf6 2 c4 e6 3 g3 d5 4 Bg2 Be7 5 Nf3 O-O 6 O-O Nbd7;E06;12
352;B95;Sicilian, Najdorf, 6...e6 1 e4 c5 2 Nf3 d6 3 d4 cxd4 4 Nxd4 Nf6 5 Nc3 a6 6 Bg5 e6;Sicilian, Najdorf, 6...e6;1 e4 c5 2 Nf3 d6 3 d4 cxd4 4 Nxd4 Nf6 5 Nc3 a6 6 Bg5 e6;B94;12
353;D60;Queen's Gambit Declined, Orthodox Defense 1 d4 d5 2 c4 e6 3 Nc3 Nf6 4 Bg5 Be7 5 e3 O-O 6 Nf3 Nbd7;Queen's Gambit Declined, Orthodox Defense;1 d4 d5 2 c4 e6 3 Nc3 Nf6 4 Bg5 Be7 5 e3 O-O 6 Nf3 Nbd7;D55;12
354;C19;French, Winawer, Advance 1 e4 e6 2 d4 d5 3 Nc3 Bb4 4 e5 c5 5 a3 Bxc3+ 6 bxc3 Ne7;French, Winawer, Advance;1 e4 e6 2 d4 d5 3 Nc3 Bb4 4 e5 c5 5 a3 Bxc3+ 6 bxc3 Ne7;C18;12
355;B88;Sicilian, Fischer-Sozin Attack 1 e4 c5 2 Nf3 d6 3 d4 cxd4 4 Nxd4 Nf6 5 Nc3 e6 6 Bc4 Nc6;Sicilian, Fischer-Sozin Attack;1 e4 c5 2 Nf3 d6 3 d4 cxd4 4 Nxd4 Nf6 5 Nc3 e6 6 Bc4 Nc6;B86;12
356;B62;Sicilian, Richter-Rauzer 1 e4 c5 2 Nf3 d6 3 d4 cxd4 4 Nxd4 Nf6 5 Nc3 Nc6 6 Bg5 e6;Sicilian, Richter-Rauzer;1 e4 c5 2 Nf3 d6 3 d4 cxd4 4 Nxd4 Nf6 5 Nc3 Nc6 6 Bg5 e6;B60;12
357;E87;King's Indian, Samisch, Orthodox 1 d4 Nf6 2 c4 g6 3 Nc3 Bg7 4 e4 d6 5 f3 O-O 6 Be3 e5 7 d5;King's Indian, Samisch, Orthodox;1 d4 Nf6 2 c4 g6 3 Nc3 Bg7 4 e4 d6 5 f3 O-O 6 Be3 e5 7 d5;E85;13
358;D14;Queen's Gambit Declined Slav, Exchange Variation 1 d4 d5 2 c4 c6 3 Nf3 Nf6 4 cxd5 cxd5 5 Nc3 Nc6 6 Bf4 Bf5;Queen's Gambit Declined Slav, Exchange Variation;1 d4 d5 2 c4 c6 3 Nf3 Nf6 4 cxd5 cxd5 5 Nc3 Nc6 6 Bf4 Bf5;D13;12
359;C14;French, Classical 1 e4 e6 2 d4 d5 3 Nc3 Nf6 4 Bg5 Be7 5 e5 Nfd7 6 Bxe7 Qxe7;French, Classical;1 e4 e6 2 d4 d5 3 Nc3 Nf6 4 Bg5 Be7 5 e5 Nfd7 6 Bxe7 Qxe7;C13;12
360;C85;Ruy Lopez, Exchange Variation Doubly Deferred (DERLD) 1 e4 e5 2 Nf3 Nc6 3 Bb5 a6 4 Ba4 Nf6 5 O-O Be7 6 Bxc6 dxc6;Ruy Lopez, Exchange Variation Doubly Deferred (DERLD);1 e4 e5 2 Nf3 Nc6 3 Bb5 a6 4 Ba4 Nf6 5 O-O Be7 6 Bxc6 dxc6;C84;12
361;A66;Benoni 1 d4 Nf6 2 c4 c5 3 d5 e6 4 Nc3 exd5 5 cxd5 d6 6 e4 g6 7 f4;Benoni;1 d4 Nf6 2 c4 c5 3 d5 e6 4 Nc3 exd5 5 cxd5 d6 6 e4 g6 7 f4;A65;13
362;E78;King's Indian, Four Pawns Attack, with Be2 and Nf3 1 d4 Nf6 2 c4 g6 3 Nc3 Bg7 4 e4 d6 5 f4 O-O 6 Be2 c5 7 Nf3;King's Indian, Four Pawns Attack, with Be2 and Nf3;1 d4 Nf6 2 c4 g6 3 Nc3 Bg7 4 e4 d6 5 f4 O-O 6 Be2 c5 7 Nf3;E77;13
363;A93;Dutch, Stonewall, Botvinnik Variation 1 d4 f5 2 c4 Nf6 3 g3 e6 4 Bg2 Be7 5 Nf3 O-O 6 O-O d5 7 b3;Dutch, Stonewall, Botvinnik Variation;1 d4 f5 2 c4 Nf6 3 g3 e6 4 Bg2 Be7 5 Nf3 O-O 6 O-O d5 7 b3;A92;13
364;A70;Benoni, Classical with 7.Nf3 1 d4 Nf6 2 c4 c5 3 d5 e6 4 Nc3 exd5 5 cxd5 d6 6 e4 g6 7 Nf3;Benoni, Classical with 7.Nf3;1 d4 Nf6 2 c4 c5 3 d5 e6 4 Nc3 exd5 5 cxd5 d6 6 e4 g6 7 Nf3;A65;13
365;E65;King's Indian, Fianchetto, Yugoslav, 7.O-O 1 d4 Nf6 2 c4 g6 3 Nc3 Bg7 4 Nf3 d6 5 g3 O-O 6 Bg2 c5 7 O-O;King's Indian, Fianchetto, Yugoslav, 7.O-O;1 d4 Nf6 2 c4 g6 3 Nc3 Bg7 4 Nf3 d6 5 g3 O-O 6 Bg2 c5 7 O-O;E64;13
366;D56;Queen's Gambit Declined 1 d4 d5 2 c4 e6 3 Nc3 Nf6 4 Bg5 Be7 5 e3 O-O 6 Nf3 h6 7 Bh4;Queen's Gambit Declined;1 d4 d5 2 c4 e6 3 Nc3 Nf6 4 Bg5 Be7 5 e3 O-O 6 Nf3 h6 7 Bh4;D55;13
367;E94;King's Indian, Orthodox 1 d4 Nf6 2 c4 g6 3 Nc3 Bg7 4 e4 d6 5 Nf3 O-O 6 Be2 e5 7 O-O;King's Indian, Orthodox;1 d4 Nf6 2 c4 g6 3 Nc3 Bg7 4 e4 d6 5 Nf3 O-O 6 Be2 e5 7 O-O;E92;13
368;A59;Benko Gambit 1 d4 Nf6 2 c4 c5 3 d5 b5 4 cxb5 a6 5 bxa6 Bxa6 6 Nc3 d6 7 e4;Benko Gambit;1 d4 Nf6 2 c4 c5 3 d5 b5 4 cxb5 a6 5 bxa6 Bxa6 6 Nc3 d6 7 e4;A58;13
369;D28;Queen's Gambit Accepted, Classical 1 d4 d5 2 c4 dxc4 3 Nf3 Nf6 4 e3 e6 5 Bxc4 c5 6 O-O a6 7 Qe2;Queen's Gambit Accepted, Classical;1 d4 d5 2 c4 dxc4 3 Nf3 Nf6 4 e3 e6 5 Bxc4 c5 6 O-O a6 7 Qe2;D27;13
370;E88;King's Indian, Samisch, Orthodox, 7.d5 c6 1 d4 Nf6 2 c4 g6 3 Nc3 Bg7 4 e4 d6 5 f3 O-O 6 Be3 e5 7 d5 c6;King's Indian, Samisch, Orthodox, 7.d5 c6;1 d4 Nf6 2 c4 g6 3 Nc3 Bg7 4 e4 d6 5 f3 O-O 6 Be3 e5 7 d5 c6;E87;14
371;A39;English, Symmetrical, Main line with d4 1 c4 c5 2 Nc3 Nc6 3 g3 g6 4 Bg2 Bg7 5 Nf3 Nf6 6 O-O O-O 7 d4;English, Symmetrical, Main line with d4;1 c4 c5 2 Nc3 Nc6 3 g3 g6 4 Bg2 Bg7 5 Nf3 Nf6 6 O-O O-O 7 d4;A38;13
372;B96;Sicilian, Najdorf 1 e4 c5 2 Nf3 d6 3 d4 cxd4 4 Nxd4 Nf6 5 Nc3 a6 6 Bg5 e6 7 f4;Sicilian, Najdorf;1 e4 c5 2 Nf3 d6 3 d4 cxd4 4 Nxd4 Nf6 5 Nc3 a6 6 Bg5 e6 7 f4;B95;13
373;E18;Queen's Indian, Old Main line, 7.Nc3 1 d4 Nf6 2 c4 e6 3 Nf3 b6 4 g3 Bb7 5 Bg2 Be7 6 O-O O-O 7 Nc3;Queen's Indian, Old Main line, 7.Nc3;1 d4 Nf6 2 c4 e6 3 Nf3 b6 4 g3 Bb7 5 Bg2 Be7 6 O-O O-O 7 Nc3;E17;13
374;E08;Catalan, Closed 1 d4 Nf6 2 c4 e6 3 g3 d5 4 Bg2 Be7 5 Nf3 O-O 6 O-O Nbd7 7 Qc2;Catalan, Closed;1 d4 Nf6 2 c4 e6 3 g3 d5 4 Bg2 Be7 5 Nf3 O-O 6 O-O Nbd7 7 Qc2;E07;13
375;B75;Sicilian, Dragon, Yugoslav Attack 1 e4 c5 2 Nf3 d6 3 d4 cxd4 4 Nxd4 Nf6 5 Nc3 g6 6 Be3 Bg7 7 f3;Sicilian, Dragon, Yugoslav Attack;1 e4 c5 2 Nf3 d6 3 d4 cxd4 4 Nxd4 Nf6 5 Nc3 g6 6 Be3 Bg7 7 f3;B72;13
376;D42;Queen's Gambit Declined, Semi-Tarrasch, 7.Bd3 1 d4 d5 2 c4 e6 3 Nc3 Nf6 4 Nf3 c5 5 cxd5 Nxd5 6 e3 Nc6 7 Bd3;Queen's Gambit Declined, Semi-Tarrasch, 7.Bd3;1 d4 d5 2 c4 e6 3 Nc3 Nf6 4 Nf3 c5 5 cxd5 Nxd5 6 e3 Nc6 7 Bd3;D41;13
377;E75;King's Indian, Averbakh, Main line 1 d4 Nf6 2 c4 g6 3 Nc3 Bg7 4 e4 d6 5 Be2 O-O 6 Bg5 c5 7 d5 e6;King's Indian, Averbakh, Main line;1 d4 Nf6 2 c4 g6 3 Nc3 Bg7 4 e4 d6 5 Be2 O-O 6 Bg5 c5 7 d5 e6;E74;14
378;C88;Ruy Lopez 1 e4 e5 2 Nf3 Nc6 3 Bb5 a6 4 Ba4 Nf6 5 O-O Be7 6 Re1 b5 7 Bb3;Ruy Lopez;1 e4 e5 2 Nf3 Nc6 3 Bb5 a6 4 Ba4 Nf6 5 O-O Be7 6 Re1 b5 7 Bb3;C84;13
379;D72;Neo-Grunfeld, 5.cd, Main line 1 d4 Nf6 2 c4 g6 3 g3 d5 4 Bg2 Bg7 5 cxd5 Nxd5 6 e4 Nb6 7 Ne2;Neo-Grunfeld, 5.cd, Main line;1 d4 Nf6 2 c4 g6 3 g3 d5 4 Bg2 Bg7 5 cxd5 Nxd5 6 e4 Nb6 7 Ne2;D71;13
380;D61;Queen's Gambit Declined, Orthodox, Rubinstein Attack 1 d4 d5 2 c4 e6 3 Nc3 Nf6 4 Bg5 Be7 5 e3 O-O 6 Nf3 Nbd7 7 Qc2;Queen's Gambit Declined, Orthodox, Rubinstein Attack;1 d4 d5 2 c4 e6 3 Nc3 Nf6 4 Bg5 Be7 5 e3 O-O 6 Nf3 Nbd7 7 Qc2;D60;13
381;D63;Queen's Gambit Declined, Orthodox Defense 1 d4 d5 2 c4 e6 3 Nc3 Nf6 4 Bg5 Be7 5 e3 O-O 6 Nf3 Nbd7 7 Rc1;Queen's Gambit Declined, Orthodox Defense;1 d4 d5 2 c4 e6 3 Nc3 Nf6 4 Bg5 Be7 5 e3 O-O 6 Nf3 Nbd7 7 Rc1;D60;13
382;E49;Nimzo-Indian, 4.e3, Botvinnik System 1 d4 Nf6 2 c4 e6 3 Nc3 Bb4 4 e3 O-O 5 Bd3 d5 6 a3 Bxc3+ 7 bxc3;Nimzo-Indian, 4.e3, Botvinnik System;1 d4 Nf6 2 c4 e6 3 Nc3 Bb4 4 e3 O-O 5 Bd3 d5 6 a3 Bxc3+ 7 bxc3;E48;13
383;B89;Sicilian 1 e4 c5 2 Nf3 d6 3 d4 cxd4 4 Nxd4 Nf6 5 Nc3 e6 6 Bc4 Nc6 7 Be3;Sicilian;1 e4 c5 2 Nf3 d6 3 d4 cxd4 4 Nxd4 Nf6 5 Nc3 e6 6 Bc4 Nc6 7 Be3;B88;13
384;B49;Sicilian, Taimanov Variation 1 e4 c5 2 Nf3 e6 3 d4 cxd4 4 Nxd4 Nc6 5 Nc3 Qc7 6 Be3 a6 7 Be2;Sicilian, Taimanov Variation;1 e4 c5 2 Nf3 e6 3 d4 cxd4 4 Nxd4 Nc6 5 Nc3 Qc7 6 Be3 a6 7 Be2;B48;13
385;D47;Queen's Gambit Declined Semi-Slav 1 d4 d5 2 c4 e6 3 Nc3 Nf6 4 Nf3 c6 5 e3 Nbd7 6 Bd3 dxc4 7 Bxc4;Queen's Gambit Declined Semi-Slav;1 d4 d5 2 c4 e6 3 Nc3 Nf6 4 Nf3 c6 5 e3 Nbd7 6 Bd3 dxc4 7 Bxc4;D46;13
386;E86;King's Indian, Samisch, Orthodox, 7.Nge2 c6 1 d4 Nf6 2 c4 g6 3 Nc3 Bg7 4 e4 d6 5 f3 O-O 6 Be3 e5 7 Nge2 c6;King's Indian, Samisch, Orthodox, 7.Nge2 c6;1 d4 Nf6 2 c4 g6 3 Nc3 Bg7 4 e4 d6 5 f3 O-O 6 Be3 e5 7 Nge2 c6;E85;14
387;D58;Queen's Gambit Declined, Tartakower (Makagonov-Bondarevsky) System 1 d4 d5 2 c4 e6 3 Nc3 Nf6 4 Bg5 Be7 5 e3 O-O 6 Nf3 h6 7 Bh4 b6;Queen's Gambit Declined, Tartakower (Makagonov-Bondarevsky) System;1 d4 d5 2 c4 e6 3 Nc3 Nf6 4 Bg5 Be7 5 e3 O-O 6 Nf3 h6 7 Bh4 b6;D56;14
388;B59;Sicilian, Boleslavsky Variation, 7.Nb3 1 e4 c5 2 Nf3 Nc6 3 d4 cxd4 4 Nxd4 Nf6 5 Nc3 d6 6 Be2 e5 7 Nb3;Sicilian, Boleslavsky Variation, 7.Nb3;1 e4 c5 2 Nf3 Nc6 3 d4 cxd4 4 Nxd4 Nf6 5 Nc3 d6 6 Be2 e5 7 Nb3;B58;13
389;E25;Nimzo-Indian, Samisch 1 d4 Nf6 2 c4 e6 3 Nc3 Bb4 4 a3 Bxc3+ 5 bxc3 c5 6 f3 d5 7 cxd5;Nimzo-Indian, Samisch;1 d4 Nf6 2 c4 e6 3 Nc3 Bb4 4 a3 Bxc3+ 5 bxc3 c5 6 f3 d5 7 cxd5;E24;13
390;D97;Grunfeld, Russian 1 d4 Nf6 2 c4 g6 3 Nc3 d5 4 Nf3 Bg7 5 Qb3 dxc4 6 Qxc4 O-O 7 e4;Grunfeld, Russian;1 d4 Nf6 2 c4 g6 3 Nc3 d5 4 Nf3 Bg7 5 Qb3 dxc4 6 Qxc4 O-O 7 e4;D96;13
391;A95;Dutch, Stonewall 1 d4 f5 2 c4 Nf6 3 g3 e6 4 Bg2 Be7 5 Nf3 O-O 6 O-O d5 7 Nc3 c6;Dutch, Stonewall;1 d4 f5 2 c4 Nf6 3 g3 e6 4 Bg2 Be7 5 Nf3 O-O 6 O-O d5 7 Nc3 c6;A92;14
392;A88;Dutch, Leningrad, Main Variation with c6 1 d4 f5 2 c4 Nf6 3 g3 g6 4 Bg2 Bg7 5 Nf3 O-O 6 O-O d6 7 Nc3 c6;Dutch, Leningrad, Main Variation with c6;1 d4 f5 2 c4 Nf6 3 g3 g6 4 Bg2 Bg7 5 Nf3 O-O 6 O-O d6 7 Nc3 c6;A87;14
393;D74;Neo-Grunfeld, 6.cd Nxd5, 7.O-O 1 d4 Nf6 2 c4 g6 3 g3 d5 4 Bg2 Bg7 5 Nf3 O-O 6 cxd5 Nxd5 7 O-O;Neo-Grunfeld, 6.cd Nxd5, 7.O-O;1 d4 Nf6 2 c4 g6 3 g3 d5 4 Bg2 Bg7 5 Nf3 O-O 6 cxd5 Nxd5 7 O-O;D73;13
394;B63;Sicilian, Richter-Rauzer Attack 1 e4 c5 2 Nf3 d6 3 d4 cxd4 4 Nxd4 Nf6 5 Nc3 Nc6 6 Bg5 e6 7 Qd2;Sicilian, Richter-Rauzer Attack;1 e4 c5 2 Nf3 d6 3 d4 cxd4 4 Nxd4 Nf6 5 Nc3 Nc6 6 Bg5 e6 7 Qd2;B62;13
395;A89;Dutch, Leningrad, Main Variation with Nc6 1 d4 f5 2 c4 Nf6 3 g3 g6 4 Bg2 Bg7 5 Nf3 O-O 6 O-O d6 7 Nc3 Nc6;Dutch, Leningrad, Main Variation with Nc6;1 d4 f5 2 c4 Nf6 3 g3 g6 4 Bg2 Bg7 5 Nf3 O-O 6 O-O d6 7 Nc3 Nc6;A87;14
396;E63;King's Indian, Fianchetto, Panno Variation 1 d4 Nf6 2 c4 g6 3 Nc3 Bg7 4 Nf3 d6 5 g3 O-O 6 Bg2 Nc6 7 O-O a6;King's Indian, Fianchetto, Panno Variation;1 d4 Nf6 2 c4 g6 3 Nc3 Bg7 4 Nf3 d6 5 g3 O-O 6 Bg2 Nc6 7 O-O a6;E62;14
397;E37;Nimzo-Indian, Classical 1 d4 Nf6 2 c4 e6 3 Nc3 Bb4 4 Qc2 d5 5 a3 Bxc3+ 6 Qxc3 Ne4 7 Qc2;Nimzo-Indian, Classical;1 d4 Nf6 2 c4 e6 3 Nc3 Bb4 4 Qc2 d5 5 a3 Bxc3+ 6 Qxc3 Ne4 7 Qc2;E36;13
398;E56;Nimzo-Indian, 4.e3, Main line with 7...Nc6 1 d4 Nf6 2 c4 e6 3 Nc3 Bb4 4 e3 O-O 5 Nf3 d5 6 Bd3 c5 7 O-O Nc6;Nimzo-Indian, 4.e3, Main line with 7...Nc6;1 d4 Nf6 2 c4 e6 3 Nc3 Bb4 4 e3 O-O 5 Nf3 d5 6 Bd3 c5 7 O-O Nc6;E53;14
399;E97;King's Indian 1 d4 Nf6 2 c4 g6 3 Nc3 Bg7 4 e4 d6 5 Nf3 O-O 6 Be2 e5 7 O-O Nc6;King's Indian;1 d4 Nf6 2 c4 g6 3 Nc3 Bg7 4 e4 d6 5 Nf3 O-O 6 Be2 e5 7 O-O Nc6;E94;14
400;A97;Dutch, Ilyin-Genevsky 1 d4 f5 2 c4 Nf6 3 g3 e6 4 Bg2 Be7 5 Nf3 O-O 6 O-O d6 7 Nc3 Qe8;Dutch, Ilyin-Genevsky;1 d4 f5 2 c4 Nf6 3 g3 e6 4 Bg2 Be7 5 Nf3 O-O 6 O-O d6 7 Nc3 Qe8;A96;14
401;E93;King's Indian, Petrosian System 1 d4 Nf6 2 c4 g6 3 Nc3 Bg7 4 e4 d6 5 Nf3 O-O 6 Be2 e5 7 d5 Nbd7;King's Indian, Petrosian System;1 d4 Nf6 2 c4 g6 3 Nc3 Bg7 4 e4 d6 5 Nf3 O-O 6 Be2 e5 7 d5 Nbd7;E92;14
402;B35;Sicilian, Accelerated Fianchetto, Modern Variation with Bc4 1 e4 c5 2 Nf3 Nc6 3 d4 cxd4 4 Nxd4 g6 5 Nc3 Bg7 6 Be3 Nf6 7 Bc4;Sicilian, Accelerated Fianchetto, Modern Variation with Bc4;1 e4 c5 2 Nf3 Nc6 3 d4 cxd4 4 Nxd4 g6 5 Nc3 Bg7 6 Be3 Nf6 7 Bc4;B33;13
403;B61;Sicilian, Richter-Rauzer, Larsen Variation, 7.Qd2 1 e4 c5 2 Nf3 d6 3 d4 cxd4 4 Nxd4 Nf6 5 Nc3 Nc6 6 Bg5 Bd7 7 Qd2;Sicilian, Richter-Rauzer, Larsen Variation, 7.Qd2;1 e4 c5 2 Nf3 d6 3 d4 cxd4 4 Nxd4 Nf6 5 Nc3 Nc6 6 Bg5 Bd7 7 Qd2;B60;13
404;B97;Sicilian, Najdorf 1 e4 c5 2 Nf3 d6 3 d4 cxd4 4 Nxd4 Nf6 5 Nc3 a6 6 Bg5 e6 7 f4 Qb6;Sicilian, Najdorf;1 e4 c5 2 Nf3 d6 3 d4 cxd4 4 Nxd4 Nf6 5 Nc3 a6 6 Bg5 e6 7 f4 Qb6;B96;14
405;D86;Grunfeld, Exchange 1 d4 Nf6 2 c4 g6 3 Nc3 d5 4 cxd5 Nxd5 5 e4 Nxc3 6 bxc3 Bg7 7 Bc4;Grunfeld, Exchange;1 d4 Nf6 2 c4 g6 3 Nc3 d5 4 cxd5 Nxd5 5 e4 Nxc3 6 bxc3 Bg7 7 Bc4;D85;13
406;B98;Sicilian, Najdorf 1 e4 c5 2 Nf3 d6 3 d4 cxd4 4 Nxd4 Nf6 5 Nc3 a6 6 Bg5 e6 7 f4 Be7;Sicilian, Najdorf;1 e4 c5 2 Nf3 d6 3 d4 cxd4 4 Nxd4 Nf6 5 Nc3 a6 6 Bg5 e6 7 f4 Be7;B96;14
407;B87;Sicilian, Fischer-Sozin with ...a6 and ...b5 1 e4 c5 2 Nf3 d6 3 d4 cxd4 4 Nxd4 Nf6 5 Nc3 e6 6 Bc4 a6 7 Bb3 b5;Sicilian, Fischer-Sozin with ...a6 and ...b5;1 e4 c5 2 Nf3 d6 3 d4 cxd4 4 Nxd4 Nf6 5 Nc3 e6 6 Bc4 a6 7 Bb3 b5;B86;14
408;D79;Neo-Grunfeld, 6.O-O, Main line 1 d4 Nf6 2 c4 g6 3 g3 d5 4 Bg2 Bg7 5 Nf3 O-O 6 O-O c6 7 cxd5 cxd5;Neo-Grunfeld, 6.O-O, Main line;1 d4 Nf6 2 c4 g6 3 g3 d5 4 Bg2 Bg7 5 Nf3 O-O 6 O-O c6 7 cxd5 cxd5;D78;14
409;D34;Queen's Gambit Declined, Tarrasch 1 d4 d5 2 c4 e6 3 Nc3 c5 4 cxd5 exd5 5 Nf3 Nc6 6 g3 Nf6 7 Bg2 Be7;Queen's Gambit Declined, Tarrasch;1 d4 d5 2 c4 e6 3 Nc3 c5 4 cxd5 exd5 5 Nf3 Nc6 6 g3 Nf6 7 Bg2 Be7;D33;14
410;B76;Sicilian, Dragon, Yugoslav Attack 1 e4 c5 2 Nf3 d6 3 d4 cxd4 4 Nxd4 Nf6 5 Nc3 g6 6 Be3 Bg7 7 f3 O-O;Sicilian, Dragon, Yugoslav Attack;1 e4 c5 2 Nf3 d6 3 d4 cxd4 4 Nxd4 Nf6 5 Nc3 g6 6 Be3 Bg7 7 f3 O-O;B75;14
411;B19;Caro-Kann, Classical 1 e4 c6 2 d4 d5 3 Nc3 dxe4 4 Nxe4 Bf5 5 Ng3 Bg6 6 h4 h6 7 Nf3 Nd7;Caro-Kann, Classical;1 e4 c6 2 d4 d5 3 Nc3 dxe4 4 Nxe4 Bf5 5 Ng3 Bg6 6 h4 h6 7 Nf3 Nd7;B18;14
412;B66;Sicilian, Richter-Rauzer Attack, 7...a6 1 e4 c5 2 Nf3 d6 3 d4 cxd4 4 Nxd4 Nf6 5 Nc3 Nc6 6 Bg5 e6 7 Qd2 a6;Sicilian, Richter-Rauzer Attack, 7...a6;1 e4 c5 2 Nf3 d6 3 d4 cxd4 4 Nxd4 Nf6 5 Nc3 Nc6 6 Bg5 e6 7 Qd2 a6;B63;14
413;E29;Nimzo-Indian, Samisch 1 d4 Nf6 2 c4 e6 3 Nc3 Bb4 4 a3 Bxc3+ 5 bxc3 O-O 6 e3 c5 7 Bd3 Nc6;Nimzo-Indian, Samisch;1 d4 Nf6 2 c4 e6 3 Nc3 Bb4 4 a3 Bxc3+ 5 bxc3 O-O 6 e3 c5 7 Bd3 Nc6;E28;14
414;D76;Neo-Grunfeld, 6.cd Nxd5, 7.O-O Nb6 1 d4 Nf6 2 c4 g6 3 g3 d5 4 Bg2 Bg7 5 Nf3 O-O 6 cxd5 Nxd5 7 O-O Nb6;Neo-Grunfeld, 6.cd Nxd5, 7.O-O Nb6;1 d4 Nf6 2 c4 g6 3 g3 d5 4 Bg2 Bg7 5 Nf3 O-O 6 cxd5 Nxd5 7 O-O Nb6;D74;14
415;D98;Grunfeld, Russian 1 d4 Nf6 2 c4 g6 3 Nc3 d5 4 Nf3 Bg7 5 Qb3 dxc4 6 Qxc4 O-O 7 e4 Bg4;Grunfeld, Russian;1 d4 Nf6 2 c4 g6 3 Nc3 d5 4 Nf3 Bg7 5 Qb3 dxc4 6 Qxc4 O-O 7 e4 Bg4;D97;14
416;B39;Sicilian, Accelerated Fianchetto, Breyer Variation 1 e4 c5 2 Nf3 Nc6 3 d4 cxd4 4 Nxd4 g6 5 c4 Bg7 6 Be3 Nf6 7 Nc3 Ng4;Sicilian, Accelerated Fianchetto, Breyer Variation;1 e4 c5 2 Nf3 Nc6 3 d4 cxd4 4 Nxd4 g6 5 c4 Bg7 6 Be3 Nf6 7 Nc3 Ng4;B38;14
417;A94;Dutch, Stonewall with Ba3 1 d4 f5 2 c4 Nf6 3 g3 e6 4 Bg2 Be7 5 Nf3 O-O 6 O-O d5 7 b3 c6 8 Ba3;Dutch, Stonewall with Ba3;1 d4 f5 2 c4 Nf6 3 g3 e6 4 Bg2 Be7 5 Nf3 O-O 6 O-O d5 7 b3 c6 8 Ba3;A93;15
418;A99;Dutch, Ilyin-Genevsky Variation with b3 1 d4 f5 2 c4 Nf6 3 g3 e6 4 Bg2 Be7 5 Nf3 O-O 6 O-O d6 7 Nc3 Qe8 8 b3;Dutch, Ilyin-Genevsky Variation with b3;1 d4 f5 2 c4 Nf6 3 g3 e6 4 Bg2 Be7 5 Nf3 O-O 6 O-O d6 7 Nc3 Qe8 8 b3;A97;15
419;E66;King's Indian, Fianchetto, Yugoslav Panno 1 d4 Nf6 2 c4 g6 3 Nc3 Bg7 4 Nf3 d6 5 g3 O-O 6 Bg2 c5 7 O-O Nc6 8 d5;King's Indian, Fianchetto, Yugoslav Panno;1 d4 Nf6 2 c4 g6 3 Nc3 Bg7 4 Nf3 d6 5 g3 O-O 6 Bg2 c5 7 O-O Nc6 8 d5;E65;15
420;E68;King's Indian, Fianchetto, Classical Variation, 8.e4 1 d4 Nf6 2 c4 g6 3 Nc3 Bg7 4 Nf3 d6 5 g3 O-O 6 Bg2 Nbd7 7 O-O e5 8 e4;King's Indian, Fianchetto, Classical Variation, 8.e4;1 d4 Nf6 2 c4 g6 3 Nc3 Bg7 4 Nf3 d6 5 g3 O-O 6 Bg2 Nbd7 7 O-O e5 8 e4;E67;15
421;A67;Benoni, Taimanov Variation 1 d4 Nf6 2 c4 c5 3 d5 e6 4 Nc3 exd5 5 cxd5 d6 6 e4 g6 7 f4 Bg7 8 Bb5+;Benoni, Taimanov Variation;1 d4 Nf6 2 c4 c5 3 d5 e6 4 Nc3 exd5 5 cxd5 d6 6 e4 g6 7 f4 Bg7 8 Bb5+;A66;15
422;A71;Benoni, Classical, 8.Bg5 1 d4 Nf6 2 c4 c5 3 d5 e6 4 Nc3 exd5 5 cxd5 d6 6 e4 g6 7 Nf3 Bg7 8 Bg5;Benoni, Classical, 8.Bg5;1 d4 Nf6 2 c4 c5 3 d5 e6 4 Nc3 exd5 5 cxd5 d6 6 e4 g6 7 Nf3 Bg7 8 Bg5;A70;15
423;A98;Dutch, Ilyin-Genevsky Variation with Qc2 1 d4 f5 2 c4 Nf6 3 g3 e6 4 Bg2 Be7 5 Nf3 O-O 6 O-O d6 7 Nc3 Qe8 8 Qc2;Dutch, Ilyin-Genevsky Variation with Qc2;1 d4 f5 2 c4 Nf6 3 g3 e6 4 Bg2 Be7 5 Nf3 O-O 6 O-O d6 7 Nc3 Qe8 8 Qc2;A97;15
424;D66;Queen's Gambit Declined, Orthodox Defense, Bd3 line 1 d4 d5 2 c4 e6 3 Nc3 Nf6 4 Bg5 Be7 5 e3 O-O 6 Nf3 Nbd7 7 Rc1 c6 8 Bd3;Queen's Gambit Declined, Orthodox Defense, Bd3 line;1 d4 d5 2 c4 e6 3 Nc3 Nf6 4 Bg5 Be7 5 e3 O-O 6 Nf3 Nbd7 7 Rc1 c6 8 Bd3;D63;15
425;D64;Queen's Gambit Declined, Orthodox, Rubinstein Attack 1 d4 d5 2 c4 e6 3 Nc3 Nf6 4 Bg5 Be7 5 e3 O-O 6 Nf3 Nbd7 7 Rc1 c6 8 Qc2;Queen's Gambit Declined, Orthodox, Rubinstein Attack;1 d4 d5 2 c4 e6 3 Nc3 Nf6 4 Bg5 Be7 5 e3 O-O 6 Nf3 Nbd7 7 Rc1 c6 8 Qc2;D63;15
426;E95;King's Indian, Orthodox, 7...Nbd7, 8.Re1 1 d4 Nf6 2 c4 g6 3 Nc3 Bg7 4 e4 d6 5 Nf3 O-O 6 Be2 e5 7 O-O Nbd7 8 Re1;King's Indian, Orthodox, 7...Nbd7, 8.Re1;1 d4 Nf6 2 c4 g6 3 Nc3 Bg7 4 e4 d6 5 Nf3 O-O 6 Be2 e5 7 O-O Nbd7 8 Re1;E94;15
427;E54;Nimzo-Indian, 4.e3, Gligoric System 1 d4 Nf6 2 c4 e6 3 Nc3 Bb4 4 e3 O-O 5 Nf3 d5 6 Bd3 c5 7 O-O dxc4 8 Bxc4;Nimzo-Indian, 4.e3, Gligoric System;1 d4 Nf6 2 c4 e6 3 Nc3 Bb4 4 e3 O-O 5 Nf3 d5 6 Bd3 c5 7 O-O dxc4 8 Bxc4;E53;15
428;D62;Queen's Gambit Declined, Orthodox, Rubinstein Attack 1 d4 d5 2 c4 e6 3 Nc3 Nf6 4 Bg5 Be7 5 e3 O-O 6 Nf3 Nbd7 7 Qc2 c5 8 cxd5;Queen's Gambit Declined, Orthodox, Rubinstein Attack;1 d4 d5 2 c4 e6 3 Nc3 Nf6 4 Bg5 Be7 5 e3 O-O 6 Nf3 Nbd7 7 Qc2 c5 8 cxd5;D61;15
429;C06;French, Tarrasch 1 e4 e6 2 d4 d5 3 Nd2 Nf6 4 e5 Nfd7 5 Bd3 c5 6 c3 Nc6 7 Ne2 cxd4 8 cxd4;French, Tarrasch;1 e4 e6 2 d4 d5 3 Nd2 Nf6 4 e5 Nfd7 5 Bd3 c5 6 c3 Nc6 7 Ne2 cxd4 8 cxd4;C05;15
430;E09;Catalan, Closed 1 d4 Nf6 2 c4 e6 3 g3 d5 4 Bg2 Be7 5 Nf3 O-O 6 O-O Nbd7 7 Qc2 c6 8 Nbd2;Catalan, Closed;1 d4 Nf6 2 c4 e6 3 g3 d5 4 Bg2 Be7 5 Nf3 O-O 6 O-O Nbd7 7 Qc2 c6 8 Nbd2;E08;15
431;E89;King's Indian, Samisch, Orthodox Main line 1 d4 Nf6 2 c4 g6 3 Nc3 Bg7 4 e4 d6 5 f3 O-O 6 Be3 e5 7 d5 c6 8 Nge2 cxd5;King's Indian, Samisch, Orthodox Main line;1 d4 Nf6 2 c4 g6 3 Nc3 Bg7 4 e4 d6 5 f3 O-O 6 Be3 e5 7 d5 c6 8 Nge2 cxd5;E88;16
432;B73;Sicilian, Dragon, Classical 1 e4 c5 2 Nf3 d6 3 d4 cxd4 4 Nxd4 Nf6 5 Nc3 g6 6 Be3 Bg7 7 Be2 Nc6 8 O-O;Sicilian, Dragon, Classical;1 e4 c5 2 Nf3 d6 3 d4 cxd4 4 Nxd4 Nf6 5 Nc3 g6 6 Be3 Bg7 7 Be2 Nc6 8 O-O;B72;15
433;A68;Benoni, Four Pawns Attack 1 d4 Nf6 2 c4 c5 3 d5 e6 4 Nc3 exd5 5 cxd5 d6 6 e4 g6 7 f4 Bg7 8 Nf3 O-O;Benoni, Four Pawns Attack;1 d4 Nf6 2 c4 c5 3 d5 e6 4 Nc3 exd5 5 cxd5 d6 6 e4 g6 7 f4 Bg7 8 Nf3 O-O;A66;16
434;D99;Grunfeld Defense, Smyslov 1 d4 Nf6 2 c4 g6 3 Nc3 d5 4 Nf3 Bg7 5 Qb3 dxc4 6 Qxc4 O-O 7 e4 Bg4 8 Be3;Grunfeld Defense, Smyslov;1 d4 Nf6 2 c4 g6 3 Nc3 d5 4 Nf3 Bg7 5 Qb3 dxc4 6 Qxc4 O-O 7 e4 Bg4 8 Be3;D98;15
435;D75;Neo-Grunfeld, 6.cd Nxd5, 7.O-O c5, 8.dxc5 1 d4 Nf6 2 c4 g6 3 g3 d5 4 Bg2 Bg7 5 Nf3 O-O 6 cxd5 Nxd5 7 O-O c5 8 dxc5;Neo-Grunfeld, 6.cd Nxd5, 7.O-O c5, 8.dxc5;1 d4 Nf6 2 c4 g6 3 g3 d5 4 Bg2 Bg7 5 Nf3 O-O 6 cxd5 Nxd5 7 O-O c5 8 dxc5;D74;15
436;A62;Benoni, Fianchetto Variation 1 d4 Nf6 2 c4 c5 3 d5 e6 4 Nc3 exd5 5 cxd5 d6 6 Nf3 g6 7 g3 Bg7 8 Bg2 O-O;Benoni, Fianchetto Variation;1 d4 Nf6 2 c4 c5 3 d5 e6 4 Nc3 exd5 5 cxd5 d6 6 Nf3 g6 7 g3 Bg7 8 Bg2 O-O;A61;16
437;D29;Queen's Gambit Accepted, Classical 1 d4 d5 2 c4 dxc4 3 Nf3 Nf6 4 e3 e6 5 Bxc4 c5 6 O-O a6 7 Qe2 b5 8 Bb3 Bb7;Queen's Gambit Accepted, Classical;1 d4 d5 2 c4 dxc4 3 Nf3 Nf6 4 e3 e6 5 Bxc4 c5 6 O-O a6 7 Qe2 b5 8 Bb3 Bb7;D28;16
438;A72;Benoni, Classical without 9.O-O 1 d4 Nf6 2 c4 c5 3 d5 e6 4 Nc3 exd5 5 cxd5 d6 6 e4 g6 7 Nf3 Bg7 8 Be2 O-O;Benoni, Classical without 9.O-O;1 d4 Nf6 2 c4 c5 3 d5 e6 4 Nc3 exd5 5 cxd5 d6 6 e4 g6 7 Nf3 Bg7 8 Be2 O-O;A70;16
439;C89;Ruy Lopez, Marshall 1 e4 e5 2 Nf3 Nc6 3 Bb5 a6 4 Ba4 Nf6 5 O-O Be7 6 Re1 b5 7 Bb3 O-O 8 c3 d5;Ruy Lopez, Marshall;1 e4 e5 2 Nf3 Nc6 3 Bb5 a6 4 Ba4 Nf6 5 O-O Be7 6 Re1 b5 7 Bb3 O-O 8 c3 d5;C88;16
440;C90;Ruy Lopez, Closed 1 e4 e5 2 Nf3 Nc6 3 Bb5 a6 4 Ba4 Nf6 5 O-O Be7 6 Re1 b5 7 Bb3 O-O 8 c3 d6;Ruy Lopez, Closed;1 e4 e5 2 Nf3 Nc6 3 Bb5 a6 4 Ba4 Nf6 5 O-O Be7 6 Re1 b5 7 Bb3 O-O 8 c3 d6;C88;16
441;E84;King's Indian, Samisch, Panno Main line 1 d4 Nf6 2 c4 g6 3 Nc3 Bg7 4 e4 d6 5 f3 O-O 6 Be3 Nc6 7 Nge2 a6 8 Qd2 Rb8;King's Indian, Samisch, Panno Main line;1 d4 Nf6 2 c4 g6 3 Nc3 Bg7 4 e4 d6 5 f3 O-O 6 Be3 Nc6 7 Nge2 a6 8 Qd2 Rb8;E83;16
442;B85;Sicilian, Scheveningen, Classical 1 e4 c5 2 Nf3 d6 3 d4 cxd4 4 Nxd4 Nf6 5 Nc3 e6 6 Be2 a6 7 O-O Qc7 8 f4 Nc6;Sicilian, Scheveningen, Classical;1 e4 c5 2 Nf3 d6 3 d4 cxd4 4 Nxd4 Nf6 5 Nc3 e6 6 Be2 a6 7 O-O Qc7 8 f4 Nc6;B84;16
443;D48;Queen's Gambit Declined Semi-Slav, Meran 1 d4 d5 2 c4 e6 3 Nc3 Nf6 4 Nf3 c6 5 e3 Nbd7 6 Bd3 dxc4 7 Bxc4 b5 8 Bd3 a6;Queen's Gambit Declined Semi-Slav, Meran;1 d4 d5 2 c4 e6 3 Nc3 Nf6 4 Nf3 c6 5 e3 Nbd7 6 Bd3 dxc4 7 Bxc4 b5 8 Bd3 a6;D47;16
444;D88;Grunfeld, Spassky Variation, Main line, 10...cd, 11.cd 1 d4 Nf6 2 c4 g6 3 Nc3 d5 4 cxd5 Nxd5 5 e4 Nxc3 6 bxc3 Bg7 7 Bc4 O-O 8 Ne2;Grunfeld, Spassky Variation, Main line, 10...cd, 11.cd;1 d4 Nf6 2 c4 g6 3 Nc3 d5 4 cxd5 Nxd5 5 e4 Nxc3 6 bxc3 Bg7 7 Bc4 O-O 8 Ne2;D86;15
445;D59;Queen's Gambit Declined, Tartakower 1 d4 d5 2 c4 e6 3 Nc3 Nf6 4 Bg5 Be7 5 e3 O-O 6 Nf3 h6 7 Bh4 b6 8 cxd5 Nxd5;Queen's Gambit Declined, Tartakower;1 d4 d5 2 c4 e6 3 Nc3 Nf6 4 Bg5 Be7 5 e3 O-O 6 Nf3 h6 7 Bh4 b6 8 cxd5 Nxd5;D58;16
446;A69;Benoni, Four Pawns Attack, Main line 1 d4 Nf6 2 c4 c5 3 d5 e6 4 Nc3 exd5 5 cxd5 d6 6 e4 g6 7 f4 Bg7 8 Nf3 O-O 9;Benoni, Four Pawns Attack, Main line;1 d4 Nf6 2 c4 c5 3 d5 e6 4 Nc3 exd5 5 cxd5 d6 6 e4 g6 7 f4 Bg7 8 Nf3 O-O 9;A68;16
447;D89;Grunfeld 1 d4 Nf6 2 c4 g6 3 Nc3 d5 4 cxd5 Nxd5 5 e4 Nxc3 6 bxc3 Bg7 7 Bc4 O-O 8 Ne2;Grunfeld;1 d4 Nf6 2 c4 g6 3 Nc3 d5 4 cxd5 Nxd5 5 e4 Nxc3 6 bxc3 Bg7 7 Bc4 O-O 8 Ne2;D86;15
448;A64;Benoni, Fianchetto, 11...Re8 1 d4 Nf6 2 c4 c5 3 d5 e6 4 Nc3 exd5 5 cxd5 d6 6 Nf3 g6 7 g3 Bg7 8 Bg2 O-O 9;Benoni, Fianchetto, 11...Re8;1 d4 Nf6 2 c4 c5 3 d5 e6 4 Nc3 exd5 5 cxd5 d6 6 Nf3 g6 7 g3 Bg7 8 Bg2 O-O 9;A62;16
449;A63;Benoni, Fianchetto, 9...Nbd7 1 d4 Nf6 2 c4 c5 3 d5 e6 4 Nc3 exd5 5 cxd5 d6 6 Nf3 g6 7 g3 Bg7 8 Bg2 O-O 9;Benoni, Fianchetto, 9...Nbd7;1 d4 Nf6 2 c4 c5 3 d5 e6 4 Nc3 exd5 5 cxd5 d6 6 Nf3 g6 7 g3 Bg7 8 Bg2 O-O 9;A62;16
450;A73;Benoni, Classical, 9.O-O 1 d4 Nf6 2 c4 c5 3 d5 e6 4 Nc3 exd5 5 cxd5 d6 6 e4 g6 7 Nf3 Bg7 8 Be2 O-O 9;Benoni, Classical, 9.O-O;1 d4 Nf6 2 c4 c5 3 d5 e6 4 Nc3 exd5 5 cxd5 d6 6 e4 g6 7 Nf3 Bg7 8 Be2 O-O 9;A72;16
451;D57;Queen's Gambit Declined, Lasker Defense 1 d4 d5 2 c4 e6 3 Nc3 Nf6 4 Bg5 Be7 5 e3 O-O 6 Nf3 h6 7 Bh4 Ne4 8 Bxe7 Qxe7;Queen's Gambit Declined, Lasker Defense;1 d4 d5 2 c4 e6 3 Nc3 Nf6 4 Bg5 Be7 5 e3 O-O 6 Nf3 h6 7 Bh4 Ne4 8 Bxe7 Qxe7;D56;16
452;E19;Queen's Indian, Old Main line, 9.Qxc3 1 d4 Nf6 2 c4 e6 3 Nf3 b6 4 g3 Bb7 5 Bg2 Be7 6 O-O O-O 7 Nc3 Ne4 8 Qc2 Nxc3;Queen's Indian, Old Main line, 9.Qxc3;1 d4 Nf6 2 c4 e6 3 Nf3 b6 4 g3 Bb7 5 Bg2 Be7 6 O-O O-O 7 Nc3 Ne4 8 Qc2 Nxc3;E18;16
453;D68;Queen's Gambit Declined, Orthodox Defense, Classical 1 d4 d5 2 c4 e6 3 Nc3 Nf6 4 Bg5 Be7 5 e3 O-O 6 Nf3 Nbd7 7 Rc1 c6 8 Bd3 dxc4;Queen's Gambit Declined, Orthodox Defense, Classical;1 d4 d5 2 c4 e6 3 Nc3 Nf6 4 Bg5 Be7 5 e3 O-O 6 Nf3 Nbd7 7 Rc1 c6 8 Bd3 dxc4;D66;16
454;D69;Queen's Gambit Declined, Orthodox Defense, Classical, 13.de 1 d4 d5 2 c4 e6 3 Nc3 Nf6 4 Bg5 Be7 5 e3 O-O 6 Nf3 Nbd7 7 Rc1 c6 8 Bd3 dxc4;Queen's Gambit Declined, Orthodox Defense, Classical, 13.de;1 d4 d5 2 c4 e6 3 Nc3 Nf6 4 Bg5 Be7 5 e3 O-O 6 Nf3 Nbd7 7 Rc1 c6 8 Bd3 dxc4;D66;16
455;D84;Grunfeld, Grunfeld Gambit Accepted 1 d4 Nf6 2 c4 g6 3 Nc3 d5 4 Bf4 Bg7 5 e3 O-O 6 cxd5 Nxd5 7 Nxd5 Qxd5 8 Bxc7;Grunfeld, Grunfeld Gambit Accepted;1 d4 Nf6 2 c4 g6 3 Nc3 d5 4 Bf4 Bg7 5 e3 O-O 6 cxd5 Nxd5 7 Nxd5 Qxd5 8 Bxc7;D83;15
456;A74;Benoni, Classical, 9...a6, 10.a4 1 d4 Nf6 2 c4 c5 3 d5 e6 4 Nc3 exd5 5 cxd5 d6 6 e4 g6 7 Nf3 Bg7 8 Be2 O-O 9;Benoni, Classical, 9...a6, 10.a4;1 d4 Nf6 2 c4 c5 3 d5 e6 4 Nc3 exd5 5 cxd5 d6 6 e4 g6 7 Nf3 Bg7 8 Be2 O-O 9;A72;16
457;A79;Benoni, Classical, 11.f3 1 d4 Nf6 2 c4 c5 3 d5 e6 4 Nc3 exd5 5 cxd5 d6 6 e4 g6 7 Nf3 Bg7 8 Be2 O-O 9;Benoni, Classical, 11.f3;1 d4 Nf6 2 c4 c5 3 d5 e6 4 Nc3 exd5 5 cxd5 d6 6 e4 g6 7 Nf3 Bg7 8 Be2 O-O 9;A72;16
458;C83;Ruy Lopez, Open 1 e4 e5 2 Nf3 Nc6 3 Bb5 a6 4 Ba4 Nf6 5 O-O Nxe4 6 d4 b5 7 Bb3 d5 8 dxe5 Be6;Ruy Lopez, Open;1 e4 e5 2 Nf3 Nc6 3 Bb5 a6 4 Ba4 Nf6 5 O-O Nxe4 6 d4 b5 7 Bb3 d5 8 dxe5 Be6;C80;16
459;A75;Benoni, Classical with ...a6 and 10...Bg4 1 d4 Nf6 2 c4 c5 3 d5 e6 4 Nc3 exd5 5 cxd5 d6 6 e4 g6 7 Nf3 Bg7 8 Be2 O-O 9;Benoni, Classical with ...a6 and 10...Bg4;1 d4 Nf6 2 c4 c5 3 d5 e6 4 Nc3 exd5 5 cxd5 d6 6 e4 g6 7 Nf3 Bg7 8 Be2 O-O 9;A72;16
460;A76;Benoni, Classical, 9...Re8 1 d4 Nf6 2 c4 c5 3 d5 e6 4 Nc3 exd5 5 cxd5 d6 6 e4 g6 7 Nf3 Bg7 8 Be2 O-O 9;Benoni, Classical, 9...Re8;1 d4 Nf6 2 c4 c5 3 d5 e6 4 Nc3 exd5 5 cxd5 d6 6 e4 g6 7 Nf3 Bg7 8 Be2 O-O 9;A72;16
461;A77;Benoni, Classical, 9...Re8, 10.Nd2 1 d4 Nf6 2 c4 c5 3 d5 e6 4 Nc3 exd5 5 cxd5 d6 6 e4 g6 7 Nf3 Bg7 8 Be2 O-O 9;Benoni, Classical, 9...Re8, 10.Nd2;1 d4 Nf6 2 c4 c5 3 d5 e6 4 Nc3 exd5 5 cxd5 d6 6 e4 g6 7 Nf3 Bg7 8 Be2 O-O 9;A72;16
462;A78;Benoni, Classical with ...Re8 and ...Na6 1 d4 Nf6 2 c4 c5 3 d5 e6 4 Nc3 exd5 5 cxd5 d6 6 e4 g6 7 Nf3 Bg7 8 Be2 O-O 9;Benoni, Classical with ...Re8 and ...Na6;1 d4 Nf6 2 c4 c5 3 d5 e6 4 Nc3 exd5 5 cxd5 d6 6 e4 g6 7 Nf3 Bg7 8 Be2 O-O 9;A72;16
463;E55;Nimzo-Indian, 4.e3, Gligoric System, Bronstein Variation 1 d4 Nf6 2 c4 e6 3 Nc3 Bb4 4 e3 O-O 5 Nf3 d5 6 Bd3 c5 7 O-O dxc4 8 Bxc4 Nbd7;Nimzo-Indian, 4.e3, Gligoric System, Bronstein Variation;1 d4 Nf6 2 c4 e6 3 Nc3 Bb4 4 e3 O-O 5 Nf3 d5 6 Bd3 c5 7 O-O dxc4 8 Bxc4 Nbd7;E54;16
464;B67;Sicilian, Richter-Rauzer Attack, 7...a6 Defense, 8...Bd7 1 e4 c5 2 Nf3 d6 3 d4 cxd4 4 Nxd4 Nf6 5 Nc3 Nc6 6 Bg5 e6 7 Qd2 a6 8 O-O-O Bd7;Sicilian, Richter-Rauzer Attack, 7...a6 Defense, 8...Bd7;1 e4 c5 2 Nf3 d6 3 d4 cxd4 4 Nxd4 Nf6 5 Nc3 Nc6 6 Bg5 e6 7 Qd2 a6 8 O-O-O Bd7;B66;16
465;E69;King's Indian, Fianchetto, Classical Main line 1 d4 Nf6 2 c4 g6 3 Nc3 Bg7 4 Nf3 d6 5 g3 O-O 6 Bg2 Nbd7 7 O-O e5 8 e4 c6 9 h3;King's Indian, Fianchetto, Classical Main line;1 d4 Nf6 2 c4 g6 3 Nc3 Bg7 4 Nf3 d6 5 g3 O-O 6 Bg2 Nbd7 7 O-O e5 8 e4 c6 9 h3;E68;17
466;D87;Grunfeld, Exchange 1 d4 Nf6 2 c4 g6 3 Nc3 d5 4 cxd5 Nxd5 5 e4 Nxc3 6 bxc3 Bg7 7 Bc4 O-O 8 Ne2 c5;Grunfeld, Exchange;1 d4 Nf6 2 c4 g6 3 Nc3 d5 4 cxd5 Nxd5 5 e4 Nxc3 6 bxc3 Bg7 7 Bc4 O-O 8 Ne2 c5;D88;16
467;C92;Ruy Lopez, Closed 1 e4 e5 2 Nf3 Nc6 3 Bb5 a6 4 Ba4 Nf6 5 O-O Be7 6 Re1 b5 7 Bb3 O-O 8 c3 d6 9 h3;Ruy Lopez, Closed;1 e4 e5 2 Nf3 Nc6 3 Bb5 a6 4 Ba4 Nf6 5 O-O Be7 6 Re1 b5 7 Bb3 O-O 8 c3 d6 9 h3;C90;17
468;C91;Ruy Lopez, Closed 1 e4 e5 2 Nf3 Nc6 3 Bb5 a6 4 Ba4 Nf6 5 O-O Be7 6 Re1 b5 7 Bb3 O-O 8 c3 d6 9 d4;Ruy Lopez, Closed;1 e4 e5 2 Nf3 Nc6 3 Bb5 a6 4 Ba4 Nf6 5 O-O Be7 6 Re1 b5 7 Bb3 O-O 8 c3 d6 9 d4;C90;17
469;C59;Two Knights 1 e4 e5 2 Nf3 Nc6 3 Bc4 Nf6 4 Ng5 d5 5 exd5 Na5 6 Bb5+ c6 7 dxc6 bxc6 8 Be2 h6;Two Knights;1 e4 e5 2 Nf3 Nc6 3 Bc4 Nf6 4 Ng5 d5 5 exd5 Na5 6 Bb5+ c6 7 dxc6 bxc6 8 Be2 h6;C58;16
470;E98;King's Indian, Orthodox, Taimanov, 9.Ne1 1 d4 Nf6 2 c4 g6 3 Nc3 Bg7 4 e4 d6 5 Nf3 O-O 6 Be2 e5 7 O-O Nc6 8 d5 Ne7 9 Ne1;King's Indian, Orthodox, Taimanov, 9.Ne1;1 d4 Nf6 2 c4 g6 3 Nc3 Bg7 4 e4 d6 5 Nf3 O-O 6 Be2 e5 7 O-O Nc6 8 d5 Ne7 9 Ne1;E97;17
471;E79;King's Indian, Four Pawns Attack, Main line 1 d4 Nf6 2 c4 g6 3 Nc3 Bg7 4 e4 d6 5 f4 O-O 6 Be2 c5 7 Nf3 cxd4 8 Nxd4 Nc6 9 Be3;King's Indian, Four Pawns Attack, Main line;1 d4 Nf6 2 c4 g6 3 Nc3 Bg7 4 e4 d6 5 f4 O-O 6 Be2 c5 7 Nf3 cxd4 8 Nxd4 Nc6 9 Be3;E78;17
472;D19;Queen's Gambit Declined Slav, Dutch 1 d4 d5 2 c4 c6 3 Nf3 Nf6 4 Nc3 dxc4 5 a4 Bf5 6 e3 e6 7 Bxc4 Bb4 8 O-O O-O 9 Qe2;Queen's Gambit Declined Slav, Dutch;1 d4 d5 2 c4 c6 3 Nf3 Nf6 4 Nc3 dxc4 5 a4 Bf5 6 e3 e6 7 Bxc4 Bb4 8 O-O O-O 9 Qe2;D18;17
473;E58;Nimzo-Indian, 4.e3, Main line with 8...Bxc3 1 d4 Nf6 2 c4 e6 3 Nc3 Bb4 4 e3 O-O 5 Nf3 d5 6 Bd3 c5 7 O-O Nc6 8 a3 Bxc3 9 bxc3;Nimzo-Indian, 4.e3, Main line with 8...Bxc3;1 d4 Nf6 2 c4 e6 3 Nc3 Bb4 4 e3 O-O 5 Nf3 d5 6 Bd3 c5 7 O-O Nc6 8 a3 Bxc3 9 bxc3;E56;17
474;D65;Queen's Gambit Declined, Orthodox, Rubinstein Attack, Main line 1 d4 d5 2 c4 e6 3 Nc3 Nf6 4 Bg5 Be7 5 e3 O-O 6 Nf3 Nbd7 7 Rc1 c6 8 Qc2 a6 9 cxd5;Queen's Gambit Declined, Orthodox, Rubinstein Attack, Main line;1 d4 d5 2 c4 e6 3 Nc3 Nf6 4 Bg5 Be7 5 e3 O-O 6 Nf3 Nbd7 7 Rc1 c6 8 Qc2 a6 9 cxd5;D64;17
475;C82;Ruy Lopez, Open 1 e4 e5 2 Nf3 Nc6 3 Bb5 a6 4 Ba4 Nf6 5 O-O Nxe4 6 d4 b5 7 Bb3 d5 8 dxe5 Be6 9 c3;Ruy Lopez, Open;1 e4 e5 2 Nf3 Nc6 3 Bb5 a6 4 Ba4 Nf6 5 O-O Nxe4 6 d4 b5 7 Bb3 d5 8 dxe5 Be6 9 c3;C83;17
476;E57;Nimzo-Indian, 4.e3, Main line with 8...dc and 9...cd 1 d4 Nf6 2 c4 e6 3 Nc3 Bb4 4 e3 O-O 5 Nf3 d5 6 Bd3 c5 7 O-O Nc6 8 a3 dxc4 9 Bxc4;Nimzo-Indian, 4.e3, Main line with 8...dc and 9...cd;1 d4 Nf6 2 c4 e6 3 Nc3 Bb4 4 e3 O-O 5 Nf3 d5 6 Bd3 c5 7 O-O Nc6 8 a3 dxc4 9 Bxc4;E56;17
477;B77;Sicilian, Dragon, Yugoslav Attack 1 e4 c5 2 Nf3 d6 3 d4 cxd4 4 Nxd4 Nf6 5 Nc3 g6 6 Be3 Bg7 7 f3 O-O 8 Qd2 Nc6 9 Bc4;Sicilian, Dragon, Yugoslav Attack;1 e4 c5 2 Nf3 d6 3 d4 cxd4 4 Nxd4 Nf6 5 Nc3 g6 6 Be3 Bg7 7 f3 O-O 8 Qd2 Nc6 9 Bc4;B76;17
478;C93;Ruy Lopez, Closed, Smyslov Defense 1 e4 e5 2 Nf3 Nc6 3 Bb5 a6 4 Ba4 Nf6 5 O-O Be7 6 Re1 b5 7 Bb3 O-O 8 c3 d6 9 h3 h6;Ruy Lopez, Closed, Smyslov Defense;1 e4 e5 2 Nf3 Nc6 3 Bb5 a6 4 Ba4 Nf6 5 O-O Be7 6 Re1 b5 7 Bb3 O-O 8 c3 d6 9 h3 h6;C92;18
479;C81;Ruy Lopez, Open, Howell Attack 1 e4 e5 2 Nf3 Nc6 3 Bb5 a6 4 Ba4 Nf6 5 O-O Nxe4 6 d4 b5 7 Bb3 d5 8 dxe5 Be6 9 Qe2;Ruy Lopez, Open, Howell Attack;1 e4 e5 2 Nf3 Nc6 3 Bb5 a6 4 Ba4 Nf6 5 O-O Nxe4 6 d4 b5 7 Bb3 d5 8 dxe5 Be6 9 Qe2;C83;17
480;E96;King's Indian, Orthodox, 7...Nbd7, Main line 1 d4 Nf6 2 c4 g6 3 Nc3 Bg7 4 e4 d6 5 Nf3 O-O 6 Be2 e5 7 O-O Nbd7 8 Re1 c6 9 Bf1 a5;King's Indian, Orthodox, 7...Nbd7, Main line;1 d4 Nf6 2 c4 g6 3 Nc3 Bg7 4 e4 d6 5 Nf3 O-O 6 Be2 e5 7 O-O Nbd7 8 Re1 c6 9 Bf1 a5;E95;18
481;B74;Sicilian, Dragon, Classical 1 e4 c5 2 Nf3 d6 3 d4 cxd4 4 Nxd4 Nf6 5 Nc3 g6 6 Be3 Bg7 7 Be2 Nc6 8 O-O O-O 9 Nb3;Sicilian, Dragon, Classical;1 e4 c5 2 Nf3 d6 3 d4 cxd4 4 Nxd4 Nf6 5 Nc3 g6 6 Be3 Bg7 7 Be2 Nc6 8 O-O O-O 9 Nb3;B73;17
482;C94;Ruy Lopez, Closed, Breyer Defense 1 e4 e5 2 Nf3 Nc6 3 Bb5 a6 4 Ba4 Nf6 5 O-O Be7 6 Re1 b5 7 Bb3 O-O 8 c3 d6 9 h3 Nb8;Ruy Lopez, Closed, Breyer Defense;1 e4 e5 2 Nf3 Nc6 3 Bb5 a6 4 Ba4 Nf6 5 O-O Be7 6 Re1 b5 7 Bb3 O-O 8 c3 d6 9 h3 Nb8;C92;18
483;B64;Sicilian, Richter-Rauzer Attack 1 e4 c5 2 Nf3 d6 3 d4 cxd4 4 Nxd4 Nf6 5 Nc3 Nc6 6 Bg5 e6 7 Qd2 Be7 8 O-O-O O-O 9 f4;Sicilian, Richter-Rauzer Attack;1 e4 c5 2 Nf3 d6 3 d4 cxd4 4 Nxd4 Nf6 5 Nc3 Nc6 6 Bg5 e6 7 Qd2 Be7 8 O-O-O O-O 9 f4;B63;17
484;B68;Sicilian, Richter-Rauzer Attack, 7...a6 Defense, 9...Be7 1 e4 c5 2 Nf3 d6 3 d4 cxd4 4 Nxd4 Nf6 5 Nc3 Nc6 6 Bg5 e6 7 Qd2 a6 8 O-O-O Bd7 9 f4 Be7;Sicilian, Richter-Rauzer Attack, 7...a6 Defense, 9...Be7;1 e4 c5 2 Nf3 d6 3 d4 cxd4 4 Nxd4 Nf6 5 Nc3 Nc6 6 Bg5 e6 7 Qd2 a6 8 O-O-O Bd7 9 f4 Be7;B67;18
485;D67;Queen's Gambit Declined, Orthodox Defense, Bd3 line 1 d4 d5 2 c4 e6 3 Nc3 Nf6 4 Bg5 Be7 5 e3 O-O 6 Nf3 Nbd7 7 Rc1 c6 8 Bd3 dxc4 9 Bxc4 Nd5;Queen's Gambit Declined, Orthodox Defense, Bd3 line;1 d4 d5 2 c4 e6 3 Nc3 Nf6 4 Bg5 Be7 5 e3 O-O 6 Nf3 Nbd7 7 Rc1 c6 8 Bd3 dxc4 9 Bxc4 Nd5;D68;18
486;B99;Sicilian, Najdorf, 7...Be7 Main line 1 e4 c5 2 Nf3 d6 3 d4 cxd4 4 Nxd4 Nf6 5 Nc3 a6 6 Bg5 e6 7 f4 Be7 8 Qf3 Qc7 9 O-O-O Nbd7;Sicilian, Najdorf, 7...Be7 Main line;1 e4 c5 2 Nf3 d6 3 d4 cxd4 4 Nxd4 Nf6 5 Nc3 a6 6 Bg5 e6 7 f4 Be7 8 Qf3 Qc7 9 O-O-O Nbd7;B98;18
487;C95;Ruy Lopez, Closed, Breyer 1 e4 e5 2 Nf3 Nc6 3 Bb5 a6 4 Ba4 Nf6 5 O-O Be7 6 Re1 b5 7 Bb3 O-O 8 c3 d6 9 h3 Nb8 10 d4;Ruy Lopez, Closed, Breyer;1 e4 e5 2 Nf3 Nc6 3 Bb5 a6 4 Ba4 Nf6 5 O-O Be7 6 Re1 b5 7 Bb3 O-O 8 c3 d6 9 h3 Nb8 10 d4;C94;19
488;C96;Ruy Lopez, Closed 1 e4 e5 2 Nf3 Nc6 3 Bb5 a6 4 Ba4 Nf6 5 O-O Be7 6 Re1 b5 7 Bb3 O-O 8 c3 d6 9 h3 Na5 10 Bc2;Ruy Lopez, Closed;1 e4 e5 2 Nf3 Nc6 3 Bb5 a6 4 Ba4 Nf6 5 O-O Be7 6 Re1 b5 7 Bb3 O-O 8 c3 d6 9 h3 Na5 10 Bc2;C92;19
489;E99;King's Indian, Orthodox, Taimanov 1 d4 Nf6 2 c4 g6 3 Nc3 Bg7 4 e4 d6 5 Nf3 O-O 6 Be2 e5 7 O-O Nc6 8 d5 Ne7 9 Ne1 Nd7 10 f3 f5;King's Indian, Orthodox, Taimanov;1 d4 Nf6 2 c4 g6 3 Nc3 Bg7 4 e4 d6 5 Nf3 O-O 6 Be2 e5 7 O-O Nc6 8 d5 Ne7 9 Ne1 Nd7 10 f3 f5;E98;20
490;E59;Nimzo-Indian, 4.e3, Main line 1 d4 Nf6 2 c4 e6 3 Nc3 Bb4 4 e3 O-O 5 Nf3 d5 6 Bd3 c5 7 O-O Nc6 8 a3 Bxc3 9 bxc3 dxc4 10 Bxc4;Nimzo-Indian, 4.e3, Main line;1 d4 Nf6 2 c4 e6 3 Nc3 Bb4 4 e3 O-O 5 Nf3 d5 6 Bd3 c5 7 O-O Nc6 8 a3 Bxc3 9 bxc3 dxc4 10 Bxc4;E58;19
491;B78;Sicilian, Dragon, Yugoslav Attack, 10.castle long 1 e4 c5 2 Nf3 d6 3 d4 cxd4 4 Nxd4 Nf6 5 Nc3 g6 6 Be3 Bg7 7 f3 O-O 8 Qd2 Nc6 9 Bc4 Bd7 10 O-O-O;Sicilian, Dragon, Yugoslav Attack, 10.castle long;1 e4 c5 2 Nf3 d6 3 d4 cxd4 4 Nxd4 Nf6 5 Nc3 g6 6 Be3 Bg7 7 f3 O-O 8 Qd2 Nc6 9 Bc4 Bd7 10 O-O-O;B77;19
492;B65;Sicilian, Richter-Rauzer Attack, 7...Be7 Defense, 9...Nxd4 1 e4 c5 2 Nf3 d6 3 d4 cxd4 4 Nxd4 Nf6 5 Nc3 Nc6 6 Bg5 e6 7 Qd2 Be7 8 O-O-O O-O 9 f4 Nxd4 10 Qxd4;Sicilian, Richter-Rauzer Attack, 7...Be7 Defense, 9...Nxd4;1 e4 c5 2 Nf3 d6 3 d4 cxd4 4 Nxd4 Nf6 5 Nc3 Nc6 6 Bg5 e6 7 Qd2 Be7 8 O-O-O O-O 9 f4 Nxd4 10 Qxd4;B64;19
493;C97;Ruy Lopez, Closed, Chigorin 1 e4 e5 2 Nf3 Nc6 3 Bb5 a6 4 Ba4 Nf6 5 O-O Be7 6 Re1 b5 7 Bb3 O-O 8 c3 d6 9 h3 Na5 10 Bc2 c5 11 d4 Qc7;Ruy Lopez, Closed, Chigorin;1 e4 e5 2 Nf3 Nc6 3 Bb5 a6 4 Ba4 Nf6 5 O-O Be7 6 Re1 b5 7 Bb3 O-O 8 c3 d6 9 h3 Na5 10 Bc2 c5 11 d4 Qc7;C96;22
494;D49;Queen's Gambit Declined Semi-Slav, Meran 1 d4 d5 2 c4 e6 3 Nc3 Nf6 4 Nf3 c6 5 e3 Nbd7 6 Bd3 dxc4 7 Bxc4 b5 8 Bd3 a6 9 e4 c5 10 e5 cxd4 11 Nxb5 ;Queen's Gambit Declined Semi-Slav, Meran;1 d4 d5 2 c4 e6 3 Nc3 Nf6 4 Nf3 c6 5 e3 Nbd7 6 Bd3 dxc4 7 Bxc4 b5 8 Bd3 a6 9 e4 c5 10 e5 cxd4 11 Nxb5 ;D48;21
495;B69;Sicilian, Richter-Rauzer Attack, 7...a6 Defense, 11.Bxf6 1 e4 c5 2 Nf3 d6 3 d4 cxd4 4 Nxd4 Nf6 5 Nc3 Nc6 6 Bg5 e6 7 Qd2 a6 8 O-O-O Bd7 9 f4 Be7 10 Nf3 b5 11 Bxf6;Sicilian, Richter-Rauzer Attack, 7...a6 Defense, 11.Bxf6;1 e4 c5 2 Nf3 d6 3 d4 cxd4 4 Nxd4 Nf6 5 Nc3 Nc6 6 Bg5 e6 7 Qd2 a6 8 O-O-O Bd7 9 f4 Be7 10 Nf3 b5 11 Bxf6;B68;21
496;C98;Ruy Lopez, Closed, Chigorin 1 e4 e5 2 Nf3 Nc6 3 Bb5 a6 4 Ba4 Nf6 5 O-O Be7 6 Re1 b5 7 Bb3 O-O 8 c3 d6 9 h3 Na5 10 Bc2 c5 11 d4 Qc7 12 Nbd2 Nc6;Ruy Lopez, Closed, Chigorin;1 e4 e5 2 Nf3 Nc6 3 Bb5 a6 4 Ba4 Nf6 5 O-O Be7 6 Re1 b5 7 Bb3 O-O 8 c3 d6 9 h3 Na5 10 Bc2 c5 11 d4 Qc7 12 Nbd2 Nc6;C97;24
497;B79;Sicilian, Dragon, Yugoslav Attack, 12.h4 1 e4 c5 2 Nf3 d6 3 d4 cxd4 4 Nxd4 Nf6 5 Nc3 g6 6 Be3 Bg7 7 f3 O-O 8 Qd2 Nc6 9 Bc4 Bd7 10 O-O-O Qa5 11 Bb3 Rfc8 12 h4;Sicilian, Dragon, Yugoslav Attack, 12.h4;1 e4 c5 2 Nf3 d6 3 d4 cxd4 4 Nxd4 Nf6 5 Nc3 g6 6 Be3 Bg7 7 f3 O-O 8 Qd2 Nc6 9 Bc4 Bd7 10 O-O-O Qa5 11 Bb3 Rfc8 12 h4;B78;23
498;C99;Ruy Lopez, Closed, Chigorin, 12...cd 1 e4 e5 2 Nf3 Nc6 3 Bb5 a6 4 Ba4 Nf6 5 O-O Be7 6 Re1 b5 7 Bb3 O-O 8 c3 d6 9 h3 Na5 10 Bc2 c5 11 d4 Qc7 12 Nbd2 cxd4 13 cxd4;Ruy Lopez, Closed, Chigorin, 12...cd;1 e4 e5 2 Nf3 Nc6 3 Bb5 a6 4 Ba4 Nf6 5 O-O Be7 6 Re1 b5 7 Bb3 O-O 8 c3 d6 9 h3 Na5 10 Bc2 c5 11 d4 Qc7 12 Nbd2 cxd4 13 cxd4;C97;25
